P [bar]    mc [ mol/kg]    xw_C   rho_W [kg/m3]   rho_C [kg/m3]    Z_W    Z_C    eps_r    chiw_W    chiw_C    Ndchi1w/dNw    Ndchi1w/dNc   Vdchi1w/dV
1.00   0.0225   0.073518   993.86   1.62    0.000696   0.995622   72.7360    0.0919   0.9966    -0.0706   -0.0503   0.0706
1.02   0.0229   0.072390   993.87   1.65    0.000707   0.995566   72.7349    0.0919   0.9966    -0.0706   -0.0503   0.0706
1.03   0.0233   0.071296   993.87   1.68    0.000718   0.995511   72.7338    0.0919   0.9966    -0.0706   -0.0503   0.0706
1.09   0.0248   0.067234   993.88   1.78    0.000762   0.995285   72.7295    0.0919   0.9966    -0.0706   -0.0503   0.0706
1.11   0.0252   0.066290   993.89   1.81    0.000773   0.995229   72.7285    0.0919   0.9966    -0.0706   -0.0503   0.0706
1.12   0.0256   0.065372   993.89   1.84    0.000783   0.995172   72.7274    0.0919   0.9966    -0.0706   -0.0503   0.0706
1.16   0.0263   0.063609   993.90   1.89    0.000805   0.995057   72.7252    0.0919   0.9966    -0.0706   -0.0503   0.0706
1.19   0.0271   0.061940   993.90   1.94    0.000827   0.994942   72.7231    0.0919   0.9966    -0.0706   -0.0503   0.0706
1.31   0.0301   0.056059   993.93   2.16    0.000914   0.994476   72.7145    0.0919   0.9966    -0.0706   -0.0503   0.0706
1.34   0.0309   0.054760   993.93   2.21    0.000936   0.994358   72.7124    0.0919   0.9966    -0.0706   -0.0503   0.0706
1.38   0.0316   0.053519   993.94   2.26    0.000958   0.994240   72.7102    0.0919   0.9966    -0.0706   -0.0503   0.0706
1.41   0.0324   0.052334   993.95   2.32    0.000979   0.994121   72.7081    0.0919   0.9966    -0.0706   -0.0503   0.0706
1.44   0.0331   0.051200   993.95   2.37    0.001001   0.994002   72.7059    0.0919   0.9966    -0.0706   -0.0503   0.0706
1.47   0.0339   0.050115   993.96   2.42    0.001023   0.993883   72.7038    0.0919   0.9966    -0.0706   -0.0503   0.0706
1.50   0.0346   0.049074   993.97   2.48    0.001045   0.993763   72.7017    0.0919   0.9966    -0.0706   -0.0503   0.0706
1.53   0.0354   0.048076   993.97   2.53    0.001067   0.993643   72.6995    0.0919   0.9966    -0.0706   -0.0503   0.0706
1.56   0.0362   0.047118   993.98   2.59    0.001088   0.993523   72.6974    0.0919   0.9966    -0.0706   -0.0503   0.0706
1.59   0.0369   0.046199   993.99   2.64    0.001110   0.993403   72.6952    0.0919   0.9966    -0.0706   -0.0503   0.0706
1.63   0.0377   0.045313   993.99   2.69    0.001132   0.993282   72.6931    0.0919   0.9966    -0.0706   -0.0503   0.0706
1.66   0.0384   0.044461   994.00   2.75    0.001154   0.993161   72.6910    0.0919   0.9966    -0.0706   -0.0503   0.0706
1.72   0.0399   0.042851   994.01   2.85    0.001197   0.992918   72.6867    0.0919   0.9966    -0.0706   -0.0503   0.0706
1.75   0.0407   0.042089   994.02   2.91    0.001219   0.992797   72.6845    0.0919   0.9966    -0.0706   -0.0503   0.0706
1.78   0.0414   0.041353   994.02   2.96    0.001241   0.992675   72.6824    0.0919   0.9966    -0.0706   -0.0503   0.0706
1.81   0.0422   0.040643   994.03   3.01    0.001263   0.992553   72.6803    0.0919   0.9966    -0.0706   -0.0503   0.0706
1.84   0.0430   0.039958   994.04   3.07    0.001284   0.992431   72.6781    0.0919   0.9966    -0.0706   -0.0503   0.0706
1.88   0.0437   0.039294   994.04   3.12    0.001306   0.992308   72.6760    0.0919   0.9966    -0.0706   -0.0503   0.0706
1.91   0.0445   0.038653   994.05   3.17    0.001328   0.992186   72.6739    0.0919   0.9966    -0.0706   -0.0503   0.0706
1.94   0.0452   0.038032   994.06   3.23    0.001350   0.992063   72.6717    0.0919   0.9966    -0.0706   -0.0503   0.0706
1.97   0.0460   0.037431   994.06   3.28    0.001372   0.991940   72.6696    0.0919   0.9966    -0.0706   -0.0503   0.0706
2.00   0.0467   0.036849   994.07   3.34    0.001393   0.991817   72.6675    0.0919   0.9966    -0.0706   -0.0503   0.0706
2.03   0.0475   0.036285   994.08   3.39    0.001415   0.991694   72.6653    0.0919   0.9966    -0.0706   -0.0503   0.0706
2.06   0.0482   0.035738   994.08   3.44    0.001437   0.991570   72.6632    0.0919   0.9966    -0.0706   -0.0503   0.0706
2.09   0.0490   0.035207   994.09   3.50    0.001459   0.991447   72.6611    0.0919   0.9966    -0.0706   -0.0503   0.0706
2.12   0.0497   0.034692   994.09   3.55    0.001481   0.991323   72.6589    0.0920   0.9966    -0.0706   -0.0503   0.0706
2.16   0.0505   0.034191   994.10   3.60    0.001502   0.991200   72.6568    0.0920   0.9966    -0.0706   -0.0503   0.0706
2.19   0.0513   0.033705   994.11   3.66    0.001524   0.991076   72.6547    0.0920   0.9966    -0.0706   -0.0503   0.0706
2.22   0.0520   0.033233   994.11   3.71    0.001546   0.990952   72.6525    0.0920   0.9966    -0.0706   -0.0503   0.0706
2.25   0.0528   0.032774   994.12   3.77    0.001568   0.990828   72.6504    0.0920   0.9966    -0.0706   -0.0503   0.0706
2.28   0.0535   0.032327   994.13   3.82    0.001589   0.990704   72.6483    0.0920   0.9966    -0.0706   -0.0503   0.0706
2.34   0.0550   0.031470   994.14   3.93    0.001633   0.990455   72.6440    0.0920   0.9966    -0.0706   -0.0503   0.0706
2.41   0.0565   0.030656   994.15   4.03    0.001677   0.990206   72.6397    0.0920   0.9966    -0.0706   -0.0503   0.0706
2.47   0.0580   0.029885   994.16   4.14    0.001720   0.989957   72.6355    0.0920   0.9966    -0.0706   -0.0503   0.0706
2.53   0.0596   0.029151   994.18   4.25    0.001764   0.989707   72.6312    0.0920   0.9966    -0.0706   -0.0503   0.0706
2.59   0.0611   0.028453   994.19   4.36    0.001807   0.989457   72.6270    0.0920   0.9966    -0.0707   -0.0503   0.0706
2.66   0.0626   0.027787   994.20   4.47    0.001851   0.989207   72.6227    0.0920   0.9966    -0.0707   -0.0503   0.0706
2.72   0.0641   0.027152   994.21   4.57    0.001895   0.988957   72.6185    0.0920   0.9966    -0.0707   -0.0503   0.0706
2.78   0.0656   0.026546   994.23   4.68    0.001938   0.988706   72.6142    0.0920   0.9966    -0.0707   -0.0503   0.0706
2.84   0.0671   0.025966   994.24   4.79    0.001982   0.988455   72.6100    0.0920   0.9966    -0.0707   -0.0503   0.0706
2.91   0.0686   0.025411   994.25   4.90    0.002025   0.988203   72.6057    0.0920   0.9966    -0.0707   -0.0503   0.0706
2.97   0.0701   0.024880   994.27   5.01    0.002069   0.987952   72.6015    0.0920   0.9966    -0.0707   -0.0503   0.0706
3.03   0.0716   0.024370   994.28   5.11    0.002113   0.987700   72.5972    0.0920   0.9965    -0.0707   -0.0503   0.0706
3.09   0.0731   0.023881   994.29   5.22    0.002156   0.987448   72.5930    0.0920   0.9965    -0.0707   -0.0503   0.0706
3.16   0.0746   0.023412   994.30   5.33    0.002200   0.987196   72.5888    0.0920   0.9965    -0.0707   -0.0503   0.0706
3.22   0.0761   0.022960   994.32   5.44    0.002244   0.986943   72.5845    0.0920   0.9965    -0.0707   -0.0503   0.0706
3.28   0.0776   0.022526   994.33   5.55    0.002287   0.986691   72.5803    0.0920   0.9965    -0.0707   -0.0503   0.0706
3.34   0.0791   0.022108   994.34   5.66    0.002331   0.986438   72.5760    0.0920   0.9965    -0.0707   -0.0503   0.0706
3.41   0.0806   0.021706   994.35   5.77    0.002374   0.986185   72.5718    0.0920   0.9965    -0.0707   -0.0503   0.0707
3.47   0.0821   0.021318   994.37   5.87    0.002418   0.985931   72.5676    0.0920   0.9965    -0.0707   -0.0503   0.0707
3.53   0.0836   0.020943   994.38   5.98    0.002462   0.985678   72.5634    0.0920   0.9965    -0.0707   -0.0503   0.0707
3.59   0.0851   0.020582   994.39   6.09    0.002505   0.985425   72.5591    0.0920   0.9965    -0.0707   -0.0503   0.0707
3.66   0.0866   0.020233   994.40   6.20    0.002549   0.985171   72.5549    0.0920   0.9965    -0.0707   -0.0503   0.0707
3.72   0.0881   0.019896   994.42   6.31    0.002593   0.984917   72.5507    0.0920   0.9965    -0.0707   -0.0503   0.0707
3.78   0.0896   0.019570   994.43   6.42    0.002636   0.984663   72.5464    0.0920   0.9965    -0.0707   -0.0503   0.0707
3.84   0.0911   0.019254   994.44   6.53    0.002680   0.984409   72.5422    0.0920   0.9965    -0.0707   -0.0503   0.0707
3.91   0.0926   0.018949   994.46   6.64    0.002724   0.984154   72.5380    0.0920   0.9965    -0.0707   -0.0503   0.0707
3.97   0.0941   0.018653   994.47   6.75    0.002767   0.983900   72.5338    0.0920   0.9965    -0.0707   -0.0503   0.0707
4.03   0.0956   0.018366   994.48   6.85    0.002811   0.983645   72.5296    0.0920   0.9965    -0.0707   -0.0503   0.0707
4.09   0.0971   0.018088   994.49   6.96    0.002855   0.983390   72.5254    0.0920   0.9965    -0.0707   -0.0503   0.0707
4.16   0.0986   0.017819   994.51   7.07    0.002898   0.983136   72.5211    0.0920   0.9965    -0.0707   -0.0503   0.0707
4.22   0.1001   0.017557   994.52   7.18    0.002942   0.982881   72.5169    0.0920   0.9965    -0.0707   -0.0503   0.0707
4.28   0.1016   0.017303   994.53   7.29    0.002985   0.982625   72.5127    0.0920   0.9965    -0.0707   -0.0503   0.0707
4.34   0.1031   0.017057   994.54   7.40    0.003029   0.982370   72.5085    0.0920   0.9965    -0.0707   -0.0503   0.0707
4.41   0.1046   0.016817   994.56   7.51    0.003073   0.982115   72.5043    0.0920   0.9965    -0.0707   -0.0503   0.0707
4.47   0.1061   0.016584   994.57   7.62    0.003116   0.981859   72.5001    0.0920   0.9965    -0.0707   -0.0503   0.0707
4.53   0.1076   0.016358   994.58   7.73    0.003160   0.981603   72.4959    0.0920   0.9965    -0.0707   -0.0503   0.0707
4.59   0.1091   0.016138   994.59   7.84    0.003204   0.981348   72.4917    0.0920   0.9965    -0.0707   -0.0503   0.0707
4.66   0.1106   0.015923   994.61   7.95    0.003247   0.981092   72.4875    0.0920   0.9965    -0.0707   -0.0503   0.0707
4.72   0.1121   0.015715   994.62   8.06    0.003291   0.980836   72.4833    0.0920   0.9965    -0.0707   -0.0503   0.0707
4.78   0.1135   0.015511   994.63   8.17    0.003335   0.980579   72.4791    0.0921   0.9965    -0.0707   -0.0503   0.0707
4.91   0.1165   0.015120   994.66   8.39    0.003422   0.980067   72.4707    0.0921   0.9965    -0.0707   -0.0503   0.0707
5.03   0.1195   0.014749   994.68   8.61    0.003510   0.979553   72.4623    0.0921   0.9965    -0.0707   -0.0503   0.0707
5.16   0.1225   0.014395   994.71   8.83    0.003597   0.979040   72.4540    0.0921   0.9965    -0.0707   -0.0503   0.0707
5.28   0.1255   0.014058   994.73   9.05    0.003684   0.978526   72.4456    0.0921   0.9965    -0.0707   -0.0503   0.0707
5.41   0.1285   0.013737   994.76   9.27    0.003772   0.978011   72.4372    0.0921   0.9965    -0.0707   -0.0503   0.0707
5.53   0.1314   0.013430   994.78   9.49    0.003859   0.977496   72.4289    0.0921   0.9965    -0.0708   -0.0503   0.0707
5.66   0.1344   0.013137   994.81   9.71    0.003947   0.976981   72.4205    0.0921   0.9965    -0.0708   -0.0503   0.0707
5.78   0.1374   0.012857   994.83   9.93    0.004034   0.976465   72.4122    0.0921   0.9965    -0.0708   -0.0503   0.0707
5.91   0.1404   0.012588   994.86   10.16    0.004121   0.975949   72.4039    0.0921   0.9965    -0.0708   -0.0503   0.0707
6.03   0.1433   0.012331   994.88   10.38    0.004209   0.975432   72.3955    0.0921   0.9965    -0.0708   -0.0503   0.0707
6.16   0.1463   0.012084   994.91   10.60    0.004296   0.974915   72.3872    0.0921   0.9965    -0.0708   -0.0503   0.0707
6.28   0.1493   0.011847   994.93   10.82    0.004384   0.974397   72.3789    0.0921   0.9965    -0.0708   -0.0503   0.0707
6.41   0.1522   0.011619   994.96   11.05    0.004471   0.973879   72.3706    0.0921   0.9965    -0.0708   -0.0503   0.0707
6.53   0.1552   0.011400   994.98   11.27    0.004559   0.973361   72.3623    0.0921   0.9965    -0.0708   -0.0503   0.0707
6.66   0.1582   0.011189   995.01   11.49    0.004646   0.972842   72.3540    0.0921   0.9965    -0.0708   -0.0503   0.0707
6.78   0.1611   0.010985   995.03   11.72    0.004734   0.972323   72.3457    0.0921   0.9965    -0.0708   -0.0503   0.0707
6.91   0.1641   0.010790   995.06   11.94    0.004821   0.971804   72.3374    0.0921   0.9965    -0.0708   -0.0503   0.0707
7.03   0.1670   0.010601   995.08   12.16    0.004909   0.971284   72.3291    0.0921   0.9965    -0.0708   -0.0503   0.0707
7.16   0.1700   0.010418   995.11   12.39    0.004996   0.970764   72.3209    0.0921   0.9964    -0.0708   -0.0503   0.0707
7.28   0.1729   0.010242   995.13   12.61    0.005084   0.970243   72.3126    0.0921   0.9964    -0.0708   -0.0503   0.0708
7.41   0.1759   0.010072   995.16   12.84    0.005171   0.969722   72.3044    0.0922   0.9964    -0.0708   -0.0503   0.0708
7.53   0.1789   0.009908   995.18   13.06    0.005259   0.969200   72.2961    0.0922   0.9964    -0.0708   -0.0503   0.0708
7.66   0.1818   0.009749   995.21   13.29    0.005346   0.968679   72.2879    0.0922   0.9964    -0.0708   -0.0503   0.0708
7.78   0.1848   0.009595   995.23   13.51    0.005434   0.968156   72.2796    0.0922   0.9964    -0.0708   -0.0503   0.0708
7.91   0.1877   0.009446   995.26   13.74    0.005522   0.967634   72.2714    0.0922   0.9964    -0.0708   -0.0503   0.0708
8.03   0.1906   0.009302   995.28   13.96    0.005609   0.967111   72.2632    0.0922   0.9964    -0.0708   -0.0503   0.0708
8.16   0.1936   0.009161   995.30   14.19    0.005697   0.966587   72.2550    0.0922   0.9964    -0.0708   -0.0503   0.0708
8.28   0.1965   0.009026   995.33   14.42    0.005784   0.966063   72.2468    0.0922   0.9964    -0.0708   -0.0503   0.0708
8.41   0.1995   0.008894   995.35   14.64    0.005872   0.965539   72.2386    0.0922   0.9964    -0.0709   -0.0503   0.0708
8.53   0.2024   0.008766   995.38   14.87    0.005960   0.965015   72.2304    0.0922   0.9964    -0.0709   -0.0503   0.0708
8.66   0.2053   0.008642   995.40   15.10    0.006047   0.964490   72.2222    0.0922   0.9964    -0.0709   -0.0503   0.0708
8.78   0.2083   0.008521   995.43   15.33    0.006135   0.963964   72.2140    0.0922   0.9964    -0.0709   -0.0503   0.0708
8.91   0.2112   0.008404   995.45   15.55    0.006222   0.963439   72.2059    0.0922   0.9964    -0.0709   -0.0503   0.0708
9.03   0.2141   0.008290   995.48   15.78    0.006310   0.962913   72.1977    0.0922   0.9964    -0.0709   -0.0503   0.0708
9.16   0.2171   0.008179   995.50   16.01    0.006398   0.962386   72.1895    0.0922   0.9964    -0.0709   -0.0503   0.0708
9.28   0.2200   0.008071   995.53   16.24    0.006485   0.961859   72.1814    0.0922   0.9964    -0.0709   -0.0503   0.0708
9.41   0.2229   0.007966   995.55   16.47    0.006573   0.961332   72.1732    0.0922   0.9964    -0.0709   -0.0503   0.0708
9.53   0.2258   0.007864   995.58   16.70    0.006661   0.960805   72.1651    0.0922   0.9964    -0.0709   -0.0503   0.0708
9.66   0.2288   0.007764   995.60   16.92    0.006748   0.960277   72.1570    0.0922   0.9964    -0.0709   -0.0503   0.0708
9.78   0.2317   0.007667   995.62   17.15    0.006836   0.959748   72.1489    0.0922   0.9964    -0.0709   -0.0503   0.0708
9.91   0.2346   0.007573   995.65   17.38    0.006924   0.959219   72.1407    0.0922   0.9964    -0.0709   -0.0503   0.0708
10.03   0.2375   0.007480   995.67   17.61    0.007012   0.958690   72.1326    0.0922   0.9964    -0.0709   -0.0503   0.0708
10.16   0.2404   0.007390   995.70   17.84    0.007099   0.958161   72.1245    0.0923   0.9964    -0.0709   -0.0503   0.0708
10.28   0.2434   0.007302   995.72   18.07    0.007187   0.957631   72.1164    0.0923   0.9964    -0.0709   -0.0503   0.0708
10.53   0.2492   0.007133   995.77   18.54    0.007363   0.956570   72.1003    0.0923   0.9964    -0.0709   -0.0503   0.0708
10.78   0.2550   0.006972   995.82   19.00    0.007538   0.955507   72.0841    0.0923   0.9964    -0.0709   -0.0503   0.0708
11.03   0.2608   0.006817   995.87   19.46    0.007714   0.954443   72.0680    0.0923   0.9964    -0.0709   -0.0503   0.0708
11.28   0.2666   0.006670   995.92   19.93    0.007889   0.953377   72.0519    0.0923   0.9963    -0.0710   -0.0503   0.0709
11.53   0.2724   0.006529   995.97   20.39    0.008065   0.952310   72.0359    0.0923   0.9963    -0.0710   -0.0503   0.0709
11.78   0.2782   0.006394   996.01   20.86    0.008241   0.951241   72.0199    0.0923   0.9963    -0.0710   -0.0503   0.0709
12.03   0.2840   0.006265   996.06   21.33    0.008416   0.950171   72.0039    0.0923   0.9963    -0.0710   -0.0503   0.0709
12.28   0.2897   0.006141   996.11   21.80    0.008592   0.949099   71.9879    0.0923   0.9963    -0.0710   -0.0503   0.0709
12.53   0.2955   0.006021   996.16   22.27    0.008768   0.948026   71.9720    0.0923   0.9963    -0.0710   -0.0503   0.0709
12.78   0.3013   0.005907   996.21   22.74    0.008944   0.946951   71.9560    0.0924   0.9963    -0.0710   -0.0503   0.0709
13.03   0.3070   0.005797   996.26   23.21    0.009119   0.945874   71.9402    0.0924   0.9963    -0.0710   -0.0503   0.0709
13.28   0.3128   0.005691   996.30   23.69    0.009295   0.944796   71.9243    0.0924   0.9963    -0.0710   -0.0503   0.0709
13.53   0.3185   0.005589   996.35   24.16    0.009471   0.943716   71.9085    0.0924   0.9963    -0.0710   -0.0503   0.0709
13.78   0.3242   0.005491   996.40   24.64    0.009647   0.942634   71.8927    0.0924   0.9963    -0.0710   -0.0503   0.0709
14.03   0.3300   0.005396   996.45   25.12    0.009823   0.941551   71.8769    0.0924   0.9963    -0.0710   -0.0503   0.0709
14.28   0.3357   0.005304   996.50   25.60    0.009999   0.940466   71.8612    0.0924   0.9963    -0.0711   -0.0503   0.0709
14.53   0.3414   0.005216   996.54   26.07    0.010175   0.939380   71.8455    0.0924   0.9963    -0.0711   -0.0503   0.0709
14.78   0.3471   0.005131   996.59   26.56    0.010351   0.938292   71.8298    0.0924   0.9962    -0.0711   -0.0503   0.0709
15.03   0.3528   0.005048   996.64   27.04    0.010527   0.937202   71.8141    0.0924   0.9962    -0.0711   -0.0503   0.0709
15.28   0.3585   0.004968   996.69   27.52    0.010703   0.936111   71.7985    0.0924   0.9962    -0.0711   -0.0503   0.0710
15.53   0.3641   0.004891   996.73   28.00    0.010880   0.935018   71.7829    0.0924   0.9962    -0.0711   -0.0503   0.0710
15.78   0.3698   0.004816   996.78   28.49    0.011056   0.933923   71.7673    0.0925   0.9962    -0.0711   -0.0503   0.0710
16.03   0.3755   0.004744   996.83   28.98    0.011232   0.932827   71.7518    0.0925   0.9962    -0.0711   -0.0503   0.0710
16.28   0.3811   0.004674   996.88   29.46    0.011408   0.931729   71.7363    0.0925   0.9962    -0.0711   -0.0503   0.0710
16.53   0.3868   0.004605   996.92   29.95    0.011585   0.930629   71.7208    0.0925   0.9962    -0.0711   -0.0503   0.0710
16.78   0.3924   0.004539   996.97   30.44    0.011761   0.929528   71.7054    0.0925   0.9962    -0.0711   -0.0503   0.0710
17.03   0.3981   0.004475   997.02   30.93    0.011937   0.928424   71.6900    0.0925   0.9962    -0.0711   -0.0503   0.0710
17.28   0.4037   0.004413   997.07   31.43    0.012114   0.927319   71.6746    0.0925   0.9962    -0.0712   -0.0503   0.0710
17.53   0.4093   0.004352   997.11   31.92    0.012290   0.926213   71.6592    0.0925   0.9962    -0.0712   -0.0503   0.0710
17.78   0.4149   0.004294   997.16   32.42    0.012466   0.925105   71.6439    0.0925   0.9962    -0.0712   -0.0503   0.0710
18.03   0.4205   0.004237   997.21   32.91    0.012643   0.923994   71.6286    0.0925   0.9962    -0.0712   -0.0503   0.0710
18.28   0.4261   0.004181   997.25   33.41    0.012819   0.922883   71.6133    0.0925   0.9961    -0.0712   -0.0503   0.0710
18.53   0.4317   0.004127   997.30   33.91    0.012996   0.921769   71.5981    0.0926   0.9961    -0.0712   -0.0503   0.0710
18.78   0.4373   0.004074   997.35   34.41    0.013172   0.920653   71.5829    0.0926   0.9961    -0.0712   -0.0503   0.0710
19.03   0.4428   0.004023   997.39   34.91    0.013349   0.919536   71.5677    0.0926   0.9961    -0.0712   -0.0503   0.0710
19.28   0.4484   0.003973   997.44   35.41    0.013526   0.918417   71.5526    0.0926   0.9961    -0.0712   -0.0503   0.0710
19.53   0.4539   0.003924   997.49   35.92    0.013702   0.917296   71.5374    0.0926   0.9961    -0.0712   -0.0503   0.0711
19.78   0.4595   0.003877   997.53   36.42    0.013879   0.916174   71.5224    0.0926   0.9961    -0.0712   -0.0502   0.0711
20.03   0.4650   0.003831   997.58   36.93    0.014056   0.915049   71.5073    0.0926   0.9961    -0.0712   -0.0502   0.0711
20.28   0.4705   0.003786   997.63   37.44    0.014233   0.913923   71.4923    0.0926   0.9961    -0.0712   -0.0502   0.0711
20.53   0.4761   0.003742   997.67   37.95    0.014409   0.912795   71.4773    0.0926   0.9961    -0.0713   -0.0502   0.0711
20.78   0.4816   0.003699   997.72   38.46    0.014586   0.911665   71.4623    0.0926   0.9961    -0.0713   -0.0502   0.0711
21.03   0.4871   0.003657   997.76   38.97    0.014763   0.910533   71.4474    0.0926   0.9961    -0.0713   -0.0502   0.0711
21.28   0.4926   0.003616   997.81   39.48    0.014940   0.909399   71.4325    0.0927   0.9961    -0.0713   -0.0502   0.0711
21.53   0.4981   0.003576   997.86   40.00    0.015117   0.908263   71.4176    0.0927   0.9961    -0.0713   -0.0502   0.0711
21.78   0.5035   0.003537   997.90   40.51    0.015294   0.907126   71.4028    0.0927   0.9960    -0.0713   -0.0502   0.0711
22.03   0.5090   0.003499   997.95   41.03    0.015471   0.905986   71.3880    0.0927   0.9960    -0.0713   -0.0502   0.0711
22.28   0.5145   0.003461   997.99   41.55    0.015648   0.904845   71.3732    0.0927   0.9960    -0.0713   -0.0502   0.0711
22.53   0.5199   0.003425   998.04   42.07    0.015825   0.903702   71.3584    0.0927   0.9960    -0.0713   -0.0502   0.0711
23.03   0.5308   0.003354   998.13   43.12    0.016179   0.901409   71.3290    0.0927   0.9960    -0.0713   -0.0502   0.0711
23.53   0.5416   0.003287   998.22   44.17    0.016533   0.899109   71.2998    0.0927   0.9960    -0.0714   -0.0502   0.0711
24.03   0.5525   0.003222   998.31   45.22    0.016887   0.896800   71.2706    0.0927   0.9960    -0.0714   -0.0502   0.0712
24.53   0.5632   0.003160   998.40   46.28    0.017242   0.894484   71.2416    0.0928   0.9960    -0.0714   -0.0502   0.0712
25.03   0.5740   0.003100   998.49   47.35    0.017596   0.892159   71.2127    0.0928   0.9959    -0.0714   -0.0502   0.0712
25.53   0.5847   0.003043   998.58   48.43    0.017951   0.889827   71.1839    0.0928   0.9959    -0.0714   -0.0502   0.0712
26.03   0.5953   0.002988   998.67   49.51    0.018306   0.887485   71.1553    0.0928   0.9959    -0.0714   -0.0502   0.0712
26.53   0.6060   0.002935   998.76   50.59    0.018661   0.885136   71.1267    0.0928   0.9959    -0.0714   -0.0502   0.0712
27.03   0.6166   0.002884   998.85   51.69    0.019016   0.882777   71.0984    0.0928   0.9959    -0.0715   -0.0502   0.0712
27.53   0.6271   0.002834   998.94   52.79    0.019371   0.880410   71.0701    0.0929   0.9959    -0.0715   -0.0502   0.0712
28.03   0.6377   0.002787   999.02   53.89    0.019726   0.878034   71.0420    0.0929   0.9958    -0.0715   -0.0502   0.0713
28.53   0.6481   0.002741   999.11   55.00    0.020082   0.875650   71.0140    0.0929   0.9958    -0.0715   -0.0502   0.0713
29.03   0.6586   0.002697   999.20   56.12    0.020437   0.873256   70.9861    0.0929   0.9958    -0.0715   -0.0502   0.0713
29.53   0.6690   0.002654   999.29   57.25    0.020793   0.870853   70.9584    0.0929   0.9958    -0.0715   -0.0502   0.0713
30.03   0.6794   0.002613   999.37   58.38    0.021148   0.868441   70.9308    0.0929   0.9958    -0.0716   -0.0502   0.0713
30.53   0.6897   0.002573   999.46   59.52    0.021504   0.866019   70.9033    0.0930   0.9958    -0.0716   -0.0502   0.0713
31.03   0.7000   0.002535   999.55   60.67    0.021860   0.863588   70.8760    0.0930   0.9957    -0.0716   -0.0502   0.0713
31.53   0.7103   0.002497   999.63   61.82    0.022216   0.861147   70.8488    0.0930   0.9957    -0.0716   -0.0502   0.0713
32.03   0.7205   0.002461   999.72   62.98    0.022572   0.858696   70.8217    0.0930   0.9957    -0.0716   -0.0502   0.0713
32.53   0.7307   0.002426   999.81   64.15    0.022928   0.856236   70.7947    0.0930   0.9957    -0.0716   -0.0502   0.0714
33.03   0.7408   0.002392   999.89   65.32    0.023285   0.853765   70.7679    0.0930   0.9957    -0.0716   -0.0502   0.0714
33.53   0.7509   0.002359   999.98   66.51    0.023641   0.851284   70.7413    0.0931   0.9956    -0.0717   -0.0502   0.0714
34.03   0.7610   0.002327   1000.06   67.70    0.023997   0.848793   70.7148    0.0931   0.9956    -0.0717   -0.0502   0.0714
34.53   0.7710   0.002296   1000.14   68.90    0.024354   0.846291   70.6884    0.0931   0.9956    -0.0717   -0.0502   0.0714
35.03   0.7809   0.002265   1000.23   70.10    0.024711   0.843779   70.6621    0.0931   0.9956    -0.0717   -0.0502   0.0714
35.53   0.7909   0.002236   1000.31   71.32    0.025067   0.841256   70.6360    0.0931   0.9956    -0.0717   -0.0502   0.0714
36.03   0.8008   0.002208   1000.40   72.54    0.025424   0.838721   70.6100    0.0931   0.9955    -0.0717   -0.0502   0.0714
36.53   0.8106   0.002180   1000.48   73.77    0.025781   0.836176   70.5842    0.0931   0.9955    -0.0717   -0.0502   0.0714
37.03   0.8204   0.002153   1000.56   75.01    0.026138   0.833619   70.5585    0.0932   0.9955    -0.0718   -0.0502   0.0714
37.53   0.8302   0.002126   1000.64   76.26    0.026495   0.831051   70.5329    0.0932   0.9955    -0.0718   -0.0502   0.0715
38.03   0.8399   0.002101   1000.73   77.52    0.026853   0.828471   70.5075    0.0932   0.9955    -0.0718   -0.0502   0.0715
38.53   0.8496   0.002076   1000.81   78.79    0.027210   0.825879   70.4822    0.0932   0.9954    -0.0718   -0.0502   0.0715
39.03   0.8593   0.002052   1000.89   80.06    0.027567   0.823275   70.4571    0.0932   0.9954    -0.0718   -0.0502   0.0715
39.53   0.8688   0.002028   1000.97   81.35    0.027925   0.820659   70.4321    0.0932   0.9954    -0.0718   -0.0502   0.0715
40.03   0.8784   0.002005   1001.05   82.64    0.028282   0.818030   70.4073    0.0933   0.9954    -0.0718   -0.0502   0.0715
40.53   0.8879   0.001982   1001.13   83.95    0.028640   0.815389   70.3826    0.0933   0.9954    -0.0719   -0.0502   0.0715
41.03   0.8974   0.001960   1001.21   85.26    0.028998   0.812734   70.3580    0.0933   0.9953    -0.0719   -0.0502   0.0715
41.53   0.9068   0.001939   1001.29   86.59    0.029356   0.810067   70.3336    0.0933   0.9953    -0.0719   -0.0502   0.0715
42.03   0.9162   0.001918   1001.37   87.92    0.029714   0.807386   70.3093    0.0933   0.9953    -0.0719   -0.0502   0.0715
42.53   0.9255   0.001897   1001.45   89.27    0.030072   0.804692   70.2852    0.0933   0.9953    -0.0719   -0.0502   0.0716
43.03   0.9348   0.001877   1001.53   90.62    0.030430   0.801984   70.2613    0.0933   0.9952    -0.0719   -0.0502   0.0716
43.53   0.9440   0.001858   1001.61   91.99    0.030788   0.799262   70.2374    0.0934   0.9952    -0.0719   -0.0502   0.0716
44.03   0.9532   0.001839   1001.69   93.37    0.031146   0.796526   70.2138    0.0934   0.9952    -0.0720   -0.0502   0.0716
44.53   0.9623   0.001820   1001.77   94.75    0.031504   0.793775   70.1902    0.0934   0.9952    -0.0720   -0.0502   0.0716
45.03   0.9714   0.001802   1001.84   96.15    0.031863   0.791009   70.1668    0.0934   0.9952    -0.0720   -0.0502   0.0716
45.53   0.9805   0.001784   1001.92   97.57    0.032221   0.788228   70.1436    0.0934   0.9951    -0.0720   -0.0502   0.0716
46.03   0.9895   0.001767   1002.00   98.99    0.032580   0.785432   70.1205    0.0934   0.9951    -0.0720   -0.0502   0.0716
46.53   0.9984   0.001750   1002.07   100.43    0.032938   0.782620   70.0976    0.0934   0.9951    -0.0720   -0.0502   0.0716
47.03   1.0073   0.001733   1002.15   101.87    0.033297   0.779792   70.0748    0.0934   0.9951    -0.0720   -0.0502   0.0716
47.53   1.0162   0.001717   1002.23   103.33    0.033656   0.776948   70.0522    0.0935   0.9950    -0.0720   -0.0502   0.0717
48.03   1.0250   0.001701   1002.30   104.81    0.034014   0.774087   70.0297    0.0935   0.9950    -0.0721   -0.0502   0.0717
48.53   1.0337   0.001685   1002.38   106.30    0.034373   0.771210   70.0074    0.0935   0.9950    -0.0721   -0.0502   0.0717
49.03   1.0424   0.001669   1002.45   107.80    0.034732   0.768315   69.9853    0.0935   0.9949    -0.0721   -0.0502   0.0717
49.53   1.0511   0.001654   1002.53   109.31    0.035091   0.765402   69.9633    0.0935   0.9949    -0.0721   -0.0502   0.0717
50.03   1.0597   0.001640   1002.60   110.84    0.035450   0.762471   69.9414    0.0935   0.9949    -0.0721   -0.0502   0.0717
50.53   1.0683   0.001625   1002.67   112.38    0.035809   0.759522   69.9197    0.0935   0.9949    -0.0721   -0.0502   0.0717
51.03   1.0768   0.001611   1002.75   113.94    0.036168   0.756555   69.8982    0.0936   0.9948    -0.0721   -0.0502   0.0717
51.53   1.0852   0.001597   1002.82   115.51    0.036528   0.753568   69.8768    0.0936   0.9948    -0.0721   -0.0502   0.0717
52.03   1.0936   0.001583   1002.89   117.10    0.036887   0.750561   69.8556    0.0936   0.9948    -0.0722   -0.0502   0.0717
52.53   1.1020   0.001570   1002.97   118.71    0.037246   0.747535   69.8345    0.0936   0.9948    -0.0722   -0.0502   0.0717
53.03   1.1103   0.001557   1003.04   120.33    0.037606   0.744487   69.8136    0.0936   0.9947    -0.0722   -0.0502   0.0718
53.53   1.1185   0.001544   1003.11   121.97    0.037965   0.741419   69.7929    0.0936   0.9947    -0.0722   -0.0502   0.0718
54.03   1.1267   0.001531   1003.18   123.62    0.038325   0.738330   69.7723    0.0936   0.9947    -0.0722   -0.0502   0.0718
54.53   1.1348   0.001519   1003.25   125.30    0.038684   0.735218   69.7519    0.0936   0.9946    -0.0722   -0.0502   0.0718
55.03   1.1429   0.001507   1003.32   126.99    0.039044   0.732084   69.7317    0.0937   0.9946    -0.0722   -0.0502   0.0718
55.53   1.1509   0.001495   1003.39   128.70    0.039403   0.728927   69.7116    0.0937   0.9946    -0.0722   -0.0502   0.0718
56.03   1.1589   0.001483   1003.46   130.43    0.039763   0.725746   69.6917    0.0937   0.9945    -0.0723   -0.0502   0.0718
56.53   1.1668   0.001471   1003.53   132.17    0.040123   0.722541   69.6719    0.0937   0.9945    -0.0723   -0.0502   0.0718
57.03   1.1747   0.001460   1003.60   133.94    0.040483   0.719311   69.6523    0.0937   0.9945    -0.0723   -0.0502   0.0718
57.53   1.1825   0.001449   1003.67   135.73    0.040842   0.716056   69.6329    0.0937   0.9944    -0.0723   -0.0502   0.0718
58.03   1.1902   0.001438   1003.74   137.54    0.041202   0.712774   69.6136    0.0937   0.9944    -0.0723   -0.0502   0.0718
58.53   1.1979   0.001427   1003.81   139.38    0.041562   0.709466   69.5946    0.0937   0.9944    -0.0723   -0.0502   0.0718
59.03   1.2056   0.001416   1003.88   141.23    0.041922   0.706129   69.5756    0.0937   0.9943    -0.0723   -0.0502   0.0719
59.53   1.2132   0.001406   1003.94   143.11    0.042282   0.702765   69.5569    0.0938   0.9943    -0.0723   -0.0502   0.0719
60.03   1.2207   0.001395   1004.01   145.01    0.042642   0.699371   69.5383    0.0938   0.9943    -0.0723   -0.0502   0.0719
60.53   1.2281   0.001385   1004.08   146.94    0.043002   0.695947   69.5199    0.0938   0.9942    -0.0724   -0.0502   0.0719
61.03   1.2355   0.001375   1004.14   148.90    0.043362   0.692492   69.5017    0.0938   0.9942    -0.0724   -0.0502   0.0719
61.53   1.2429   0.001365   1004.21   150.88    0.043722   0.689005   69.4837    0.0938   0.9942    -0.0724   -0.0502   0.0719
62.03   1.2502   0.001355   1004.28   152.88    0.044083   0.685485   69.4658    0.0938   0.9941    -0.0724   -0.0502   0.0719
62.53   1.2574   0.001346   1004.34   154.92    0.044443   0.681931   69.4481    0.0938   0.9941    -0.0724   -0.0502   0.0719
63.03   1.2646   0.001337   1004.41   156.99    0.044803   0.678342   69.4306    0.0938   0.9940    -0.0724   -0.0502   0.0719
63.53   1.2717   0.001327   1004.47   159.08    0.045163   0.674716   69.4132    0.0938   0.9940    -0.0724   -0.0502   0.0719
64.03   1.2787   0.001318   1004.53   161.21    0.045523   0.671054   69.3961    0.0939   0.9939    -0.0724   -0.0502   0.0719
64.53   1.2857   0.001309   1004.60   163.37    0.045884   0.667352   69.3791    0.0939   0.9939    -0.0724   -0.0502   0.0719
65.03   1.2926   0.001300   1004.66   165.57    0.046244   0.663610   69.3623    0.0939   0.9939    -0.0725   -0.0502   0.0719
65.53   1.2994   0.001291   1004.72   167.80    0.046604   0.659827   69.3457    0.0939   0.9938    -0.0725   -0.0502   0.0720
66.03   1.3062   0.001283   1004.79   170.06    0.046965   0.656001   69.3292    0.0939   0.9938    -0.0725   -0.0502   0.0720
66.53   1.3130   0.001274   1004.85   172.37    0.047325   0.652130   69.3130    0.0939   0.9937    -0.0725   -0.0502   0.0720
67.03   1.3196   0.001266   1004.91   174.72    0.047685   0.648212   69.2969    0.0939   0.9937    -0.0725   -0.0502   0.0720
67.53   1.3262   0.001258   1004.97   177.10    0.048046   0.644246   69.2810    0.0939   0.9936    -0.0725   -0.0502   0.0720
68.03   1.3327   0.001249   1005.03   179.54    0.048406   0.640230   69.2654    0.0939   0.9936    -0.0725   -0.0502   0.0720
68.53   1.3392   0.001241   1005.09   182.01    0.048767   0.636161   69.2499    0.0939   0.9935    -0.0725   -0.0502   0.0720
69.03   1.3456   0.001233   1005.15   184.54    0.049127   0.632037   69.2346    0.0939   0.9935    -0.0725   -0.0502   0.0720
69.53   1.3519   0.001225   1005.21   187.11    0.049487   0.627857   69.2195    0.0940   0.9934    -0.0725   -0.0502   0.0720
70.03   1.3582   0.001217   1005.27   189.74    0.049848   0.623616   69.2046    0.0940   0.9934    -0.0725   -0.0502   0.0720
70.53   1.3644   0.001210   1005.33   192.42    0.050208   0.619313   69.1898    0.0940   0.9933    -0.0726   -0.0502   0.0720
71.03   1.3705   0.001202   1005.39   195.17    0.050569   0.614945   69.1753    0.0940   0.9933    -0.0726   -0.0502   0.0720
71.53   1.3765   0.001195   1005.44   197.97    0.050929   0.610507   69.1610    0.0940   0.9932    -0.0726   -0.0502   0.0720
72.03   1.3825   0.001187   1005.50   200.84    0.051289   0.605997   69.1469    0.0940   0.9931    -0.0726   -0.0502   0.0720
72.53   1.3884   0.001180   1005.56   203.77    0.051650   0.601411   69.1330    0.0940   0.9931    -0.0726   -0.0502   0.0720
73.03   1.3942   0.001172   1005.61   206.78    0.052010   0.596744   69.1193    0.0940   0.9930    -0.0726   -0.0502   0.0721
73.53   1.4000   0.001165   1005.67   209.87    0.052370   0.591991   69.1058    0.0940   0.9929    -0.0726   -0.0502   0.0721
74.03   1.4057   0.001158   1005.73   213.04    0.052731   0.587149   69.0926    0.0940   0.9929    -0.0726   -0.0502   0.0721
74.53   1.4113   0.001151   1005.78   216.30    0.053091   0.582210   69.0795    0.0940   0.9928    -0.0726   -0.0502   0.0721
75.03   1.4168   0.001144   1005.83   219.66    0.053452   0.577170   69.0667    0.0941   0.9927    -0.0726   -0.0502   0.0721
75.53   1.4222   0.001137   1005.89   223.11    0.053812   0.572020   69.0540    0.0941   0.9927    -0.0726   -0.0502   0.0721
76.03   1.4276   0.001130   1005.94   226.68    0.054172   0.566753   69.0416    0.0941   0.9926    -0.0726   -0.0502   0.0721
76.53   1.4329   0.001123   1006.00   230.36    0.054532   0.561362   69.0295    0.0941   0.9925    -0.0727   -0.0502   0.0721
77.03   1.4381   0.001116   1006.05   234.17    0.054893   0.555835   69.0175    0.0941   0.9924    -0.0727   -0.0502   0.0721
77.53   1.4432   0.001109   1006.10   238.12    0.055253   0.550162   69.0058    0.0941   0.9923    -0.0727   -0.0502   0.0721
78.03   1.4482   0.001102   1006.15   242.23    0.055613   0.544331   68.9944    0.0941   0.9922    -0.0727   -0.0502   0.0721
78.53   1.4532   0.001095   1006.20   246.50    0.055973   0.538327   68.9831    0.0941   0.9921    -0.0727   -0.0502   0.0721
79.03   1.4580   0.001088   1006.25   250.96    0.056333   0.532133   68.9722    0.0941   0.9920    -0.0727   -0.0502   0.0721
79.53   1.4628   0.001081   1006.30   255.62    0.056693   0.525731   68.9614    0.0941   0.9919    -0.0727   -0.0502   0.0721
80.03   1.4675   0.001074   1006.35   260.52    0.057053   0.519098   68.9510    0.0941   0.9918    -0.0727   -0.0502   0.0721
80.53   1.4720   0.001068   1006.40   265.67    0.057413   0.512206   68.9408    0.0941   0.9917    -0.0727   -0.0502   0.0721
81.03   1.4765   0.001061   1006.45   271.12    0.057773   0.505024   68.9309    0.0941   0.9916    -0.0727   -0.0502   0.0721
81.53   1.4809   0.001054   1006.50   276.92    0.058133   0.497512   68.9212    0.0941   0.9914    -0.0727   -0.0502   0.0721
82.03   1.4851   0.001047   1006.54   283.11    0.058492   0.489621   68.9119    0.0941   0.9913    -0.0727   -0.0502   0.0721
82.53   1.4893   0.001039   1006.59   289.76    0.058852   0.481289   68.9028    0.0941   0.9911    -0.0727   -0.0502   0.0721
83.03   1.4933   0.001032   1006.63   296.98    0.059212   0.472439   68.8941    0.0942   0.9909    -0.0727   -0.0502   0.0722
83.53   1.4972   0.001024   1006.68   304.88    0.059571   0.462967   68.8857    0.0942   0.9908    -0.0727   -0.0502   0.0722
84.03   1.5010   0.001017   1006.72   313.64    0.059930   0.452734   68.8777    0.0942   0.9905    -0.0728   -0.0502   0.0722
84.53   1.5047   0.001009   1006.77   323.51    0.060290   0.441545   68.8700    0.0942   0.9903    -0.0728   -0.0502   0.0722
85.03   1.5082   0.001000   1006.81   334.84    0.060649   0.429123   68.8628    0.0942   0.9900    -0.0728   -0.0502   0.0722
85.53   1.5115   0.000991   1006.85   348.22    0.061008   0.415059   68.8560    0.0942   0.9897    -0.0728   -0.0502   0.0722
86.03   1.5147   0.000980   1006.89   364.58    0.061366   0.398761   68.8497    0.0942   0.9892    -0.0728   -0.0502   0.0722
86.53   1.5176   0.000969   1006.93   385.24    0.061725   0.379567   68.8440    0.0942   0.9887    -0.0728   -0.0502   0.0722
87.03   1.5203   0.000957   1006.96   410.89    0.062083   0.357931   68.8389    0.0942   0.9880    -0.0728   -0.0502   0.0722
87.53   1.5227   0.000946   1007.00   437.76    0.062441   0.337898   68.8346    0.0942   0.9873    -0.0728   -0.0502   0.0722
88.03   1.5249   0.000937   1007.03   460.27    0.062799   0.323209   68.8308    0.0942   0.9867    -0.0728   -0.0502   0.0722
88.53   1.5270   0.000931   1007.07   477.84    0.063157   0.313093   68.8274    0.0942   0.9862    -0.0728   -0.0502   0.0722
89.03   1.5290   0.000926   1007.10   491.89    0.063514   0.305867   68.8243    0.0942   0.9858    -0.0728   -0.0502   0.0722
89.53   1.5309   0.000922   1007.13   503.56    0.063872   0.300456   68.8214    0.0942   0.9855    -0.0728   -0.0502   0.0722
90.03   1.5327   0.000919   1007.17   513.56    0.064229   0.296253   68.8187    0.0942   0.9852    -0.0728   -0.0502   0.0722
90.53   1.5344   0.000916   1007.20   522.33    0.064587   0.292897   68.8162    0.0942   0.9849    -0.0728   -0.0502   0.0722
91.03   1.5362   0.000914   1007.23   530.16    0.064944   0.290164   68.8138    0.0942   0.9847    -0.0728   -0.0502   0.0722
91.53   1.5378   0.000912   1007.26   537.26    0.065301   0.287906   68.8115    0.0942   0.9845    -0.0728   -0.0502   0.0722
92.03   1.5395   0.000910   1007.29   543.75    0.065659   0.286021   68.8092    0.0942   0.9843    -0.0728   -0.0502   0.0722
92.53   1.5411   0.000908   1007.32   549.76    0.066016   0.284434   68.8071    0.0942   0.9842    -0.0728   -0.0502   0.0722
93.03   1.5427   0.000906   1007.35   555.35    0.066373   0.283094   68.8051    0.0942   0.9840    -0.0728   -0.0502   0.0722
93.53   1.5442   0.000904   1007.38   560.58    0.066730   0.281958   68.8031    0.0942   0.9839    -0.0728   -0.0502   0.0722
94.03   1.5457   0.000903   1007.41   565.51    0.067087   0.280996   68.8012    0.0942   0.9837    -0.0728   -0.0502   0.0722
94.53   1.5472   0.000901   1007.44   570.17    0.067444   0.280181   68.7994    0.0942   0.9836    -0.0728   -0.0502   0.0722
95.03   1.5487   0.000900   1007.47   574.59    0.067802   0.279494   68.7976    0.0942   0.9835    -0.0728   -0.0502   0.0722
95.53   1.5502   0.000899   1007.50   578.81    0.068159   0.278919   68.7959    0.0942   0.9834    -0.0728   -0.0502   0.0722
96.03   1.5516   0.000897   1007.53   582.83    0.068516   0.278442   68.7942    0.0942   0.9833    -0.0728   -0.0502   0.0722
96.53   1.5531   0.000896   1007.56   586.69    0.068873   0.278052   68.7926    0.0942   0.9831    -0.0728   -0.0502   0.0722
97.03   1.5545   0.000895   1007.59   590.39    0.069230   0.277739   68.7910    0.0942   0.9830    -0.0728   -0.0502   0.0722
97.53   1.5559   0.000894   1007.62   593.96    0.069587   0.277496   68.7894    0.0942   0.9829    -0.0728   -0.0502   0.0722
98.03   1.5572   0.000893   1007.65   597.39    0.069944   0.277315   68.7879    0.0942   0.9829    -0.0728   -0.0502   0.0722
98.53   1.5586   0.000892   1007.68   600.71    0.070301   0.277191   68.7865    0.0942   0.9828    -0.0728   -0.0502   0.0722
99.03   1.5600   0.000891   1007.71   603.92    0.070658   0.277118   68.7850    0.0942   0.9827    -0.0728   -0.0502   0.0722
99.53   1.5613   0.000890   1007.74   607.02    0.071015   0.277092   68.7837    0.0942   0.9826    -0.0728   -0.0502   0.0722
100.03   1.5626   0.000889   1007.77   610.04    0.071371   0.277108   68.7823    0.0942   0.9825    -0.0728   -0.0502   0.0722
100.53   1.5639   0.000888   1007.80   612.96    0.071728   0.277164   68.7810    0.0942   0.9824    -0.0728   -0.0502   0.0722
101.03   1.5652   0.000887   1007.83   615.81    0.072085   0.277256   68.7797    0.0942   0.9823    -0.0728   -0.0502   0.0722
101.53   1.5665   0.000886   1007.85   618.57    0.072442   0.277382   68.7784    0.0942   0.9823    -0.0728   -0.0502   0.0722
102.03   1.5678   0.000885   1007.88   621.27    0.072799   0.277539   68.7772    0.0942   0.9822    -0.0728   -0.0502   0.0722
102.53   1.5691   0.000884   1007.91   623.90    0.073156   0.277724   68.7760    0.0942   0.9821    -0.0728   -0.0502   0.0722
103.03   1.5703   0.000883   1007.94   626.46    0.073513   0.277936   68.7748    0.0942   0.9821    -0.0729   -0.0502   0.0722
103.53   1.5716   0.000882   1007.97   628.97    0.073870   0.278173   68.7736    0.0942   0.9820    -0.0729   -0.0502   0.0722
104.03   1.5728   0.000881   1008.00   631.41    0.074226   0.278433   68.7725    0.0942   0.9819    -0.0729   -0.0502   0.0722
104.53   1.5741   0.000881   1008.03   633.81    0.074583   0.278716   68.7714    0.0942   0.9819    -0.0729   -0.0502   0.0722
105.03   1.5753   0.000880   1008.05   636.15    0.074940   0.279018   68.7703    0.0942   0.9818    -0.0729   -0.0502   0.0722
105.53   1.5765   0.000879   1008.08   638.44    0.075297   0.279340   68.7692    0.0942   0.9817    -0.0729   -0.0502   0.0722
106.03   1.5777   0.000878   1008.11   640.69    0.075654   0.279679   68.7682    0.0942   0.9817    -0.0729   -0.0502   0.0722
106.53   1.5789   0.000878   1008.14   642.89    0.076010   0.280036   68.7672    0.0942   0.9816    -0.0729   -0.0502   0.0722
107.03   1.5801   0.000877   1008.17   645.05    0.076367   0.280408   68.7662    0.0942   0.9815    -0.0729   -0.0502   0.0722
107.53   1.5813   0.000876   1008.20   647.17    0.076724   0.280796   68.7652    0.0942   0.9815    -0.0729   -0.0502   0.0722
108.03   1.5825   0.000875   1008.22   649.25    0.077081   0.281198   68.7642    0.0942   0.9814    -0.0729   -0.0502   0.0722
108.53   1.5836   0.000875   1008.25   651.29    0.077437   0.281613   68.7633    0.0942   0.9814    -0.0729   -0.0502   0.0722
109.03   1.5848   0.000874   1008.28   653.30    0.077794   0.282042   68.7623    0.0942   0.9813    -0.0729   -0.0502   0.0722
109.53   1.5860   0.000873   1008.31   655.27    0.078151   0.282482   68.7614    0.0942   0.9813    -0.0729   -0.0502   0.0722
110.03   1.5871   0.000873   1008.34   657.21    0.078508   0.282934   68.7606    0.0942   0.9812    -0.0729   -0.0502   0.0722
110.53   1.5883   0.000872   1008.36   659.12    0.078864   0.283397   68.7597    0.0942   0.9812    -0.0729   -0.0502   0.0722
111.03   1.5894   0.000871   1008.39   661.00    0.079221   0.283870   68.7588    0.0942   0.9811    -0.0729   -0.0502   0.0722
111.53   1.5905   0.000871   1008.42   662.85    0.079578   0.284353   68.7580    0.0942   0.9811    -0.0729   -0.0502   0.0722
112.03   1.5916   0.000870   1008.45   664.67    0.079934   0.284846   68.7572    0.0942   0.9810    -0.0729   -0.0502   0.0722
112.53   1.5928   0.000869   1008.47   666.46    0.080291   0.285347   68.7564    0.0942   0.9810    -0.0729   -0.0502   0.0722
113.03   1.5939   0.000869   1008.50   668.23    0.080648   0.285857   68.7556    0.0942   0.9809    -0.0729   -0.0502   0.0723
113.53   1.5950   0.000868   1008.53   669.97    0.081004   0.286376   68.7548    0.0942   0.9809    -0.0729   -0.0502   0.0723
114.03   1.5961   0.000867   1008.56   671.69    0.081361   0.286902   68.7541    0.0942   0.9808    -0.0729   -0.0502   0.0723
114.53   1.5972   0.000867   1008.59   673.38    0.081718   0.287436   68.7533    0.0942   0.9808    -0.0729   -0.0502   0.0723
115.03   1.5983   0.000866   1008.61   675.05    0.082074   0.287977   68.7526    0.0942   0.9807    -0.0729   -0.0502   0.0723
115.53   1.5994   0.000866   1008.64   676.70    0.082431   0.288524   68.7519    0.0942   0.9807    -0.0729   -0.0502   0.0723
116.03   1.6004   0.000865   1008.67   678.32    0.082787   0.289079   68.7512    0.0942   0.9807    -0.0729   -0.0502   0.0723
116.53   1.6015   0.000864   1008.70   679.93    0.083144   0.289639   68.7505    0.0942   0.9806    -0.0729   -0.0502   0.0723
117.03   1.6026   0.000864   1008.72   681.51    0.083501   0.290206   68.7498    0.0942   0.9806    -0.0729   -0.0502   0.0723
117.53   1.6037   0.000863   1008.75   683.07    0.083857   0.290779   68.7491    0.0942   0.9805    -0.0729   -0.0502   0.0723
118.03   1.6047   0.000863   1008.78   684.62    0.084214   0.291357   68.7485    0.0942   0.9805    -0.0729   -0.0502   0.0723
118.53   1.6058   0.000862   1008.80   686.15    0.084570   0.291940   68.7479    0.0942   0.9804    -0.0729   -0.0503   0.0723
119.03   1.6068   0.000862   1008.83   687.65    0.084927   0.292529   68.7472    0.0942   0.9804    -0.0729   -0.0503   0.0723
119.53   1.6079   0.000861   1008.86   689.14    0.085283   0.293122   68.7466    0.0942   0.9804    -0.0729   -0.0503   0.0723
120.03   1.6089   0.000861   1008.89   690.62    0.085640   0.293720   68.7460    0.0942   0.9803    -0.0729   -0.0503   0.0723
120.53   1.6099   0.000860   1008.91   692.07    0.085997   0.294323   68.7454    0.0942   0.9803    -0.0729   -0.0503   0.0723
121.03   1.6110   0.000859   1008.94   693.51    0.086353   0.294931   68.7448    0.0942   0.9803    -0.0729   -0.0503   0.0723
121.53   1.6120   0.000859   1008.97   694.94    0.086710   0.295542   68.7443    0.0942   0.9802    -0.0729   -0.0503   0.0723
122.03   1.6130   0.000858   1009.00   696.35    0.087066   0.296158   68.7437    0.0942   0.9802    -0.0729   -0.0503   0.0723
122.53   1.6141   0.000858   1009.02   697.74    0.087423   0.296777   68.7432    0.0942   0.9801    -0.0729   -0.0503   0.0723
123.03   1.6151   0.000857   1009.05   699.12    0.087779   0.297401   68.7426    0.0942   0.9801    -0.0729   -0.0503   0.0723
123.53   1.6161   0.000857   1009.08   700.48    0.088136   0.298028   68.7421    0.0942   0.9801    -0.0729   -0.0503   0.0723
124.03   1.6171   0.000856   1009.10   701.83    0.088492   0.298658   68.7416    0.0942   0.9800    -0.0729   -0.0503   0.0723
124.53   1.6181   0.000856   1009.13   703.17    0.088848   0.299292   68.7411    0.0942   0.9800    -0.0729   -0.0503   0.0723
125.03   1.6191   0.000855   1009.16   704.49    0.089205   0.299930   68.7406    0.0942   0.9800    -0.0729   -0.0503   0.0723
125.53   1.6201   0.000855   1009.18   705.81    0.089561   0.300570   68.7401    0.0942   0.9799    -0.0729   -0.0503   0.0723
126.03   1.6211   0.000854   1009.21   707.10    0.089918   0.301214   68.7397    0.0942   0.9799    -0.0729   -0.0503   0.0723
126.53   1.6221   0.000854   1009.24   708.39    0.090274   0.301860   68.7392    0.0942   0.9799    -0.0729   -0.0503   0.0723
127.03   1.6231   0.000853   1009.26   709.66    0.090631   0.302510   68.7387    0.0942   0.9798    -0.0729   -0.0503   0.0723
127.53   1.6240   0.000853   1009.29   710.92    0.090987   0.303162   68.7383    0.0942   0.9798    -0.0729   -0.0503   0.0723
128.03   1.6250   0.000852   1009.32   712.17    0.091343   0.303817   68.7379    0.0942   0.9798    -0.0729   -0.0503   0.0723
128.53   1.6260   0.000852   1009.35   713.41    0.091700   0.304474   68.7374    0.0942   0.9797    -0.0729   -0.0503   0.0723
129.03   1.6270   0.000851   1009.37   714.63    0.092056   0.305134   68.7370    0.0942   0.9797    -0.0729   -0.0503   0.0723
129.53   1.6279   0.000851   1009.40   715.85    0.092413   0.305797   68.7366    0.0942   0.9797    -0.0729   -0.0503   0.0723
130.03   1.6289   0.000850   1009.43   717.05    0.092769   0.306462   68.7362    0.0942   0.9797    -0.0729   -0.0503   0.0723
130.53   1.6299   0.000850   1009.45   718.25    0.093125   0.307129   68.7358    0.0942   0.9796    -0.0729   -0.0503   0.0723
131.03   1.6308   0.000849   1009.48   719.43    0.093482   0.307798   68.7354    0.0942   0.9796    -0.0729   -0.0503   0.0723
131.53   1.6318   0.000849   1009.51   720.60    0.093838   0.308470   68.7351    0.0942   0.9796    -0.0729   -0.0503   0.0723
132.03   1.6327   0.000848   1009.53   721.77    0.094194   0.309143   68.7347    0.0942   0.9795    -0.0729   -0.0503   0.0723
132.53   1.6337   0.000848   1009.56   722.92    0.094551   0.309819   68.7344    0.0942   0.9795    -0.0729   -0.0503   0.0723
133.03   1.6346   0.000848   1009.58   724.07    0.094907   0.310496   68.7340    0.0942   0.9795    -0.0729   -0.0503   0.0723
133.53   1.6356   0.000847   1009.61   725.20    0.095263   0.311176   68.7337    0.0942   0.9794    -0.0729   -0.0503   0.0723
134.03   1.6365   0.000847   1009.64   726.33    0.095620   0.311857   68.7333    0.0942   0.9794    -0.0729   -0.0503   0.0723
134.53   1.6374   0.000846   1009.66   727.44    0.095976   0.312540   68.7330    0.0942   0.9794    -0.0729   -0.0503   0.0723
135.03   1.6384   0.000846   1009.69   728.55    0.096332   0.313224   68.7327    0.0942   0.9794    -0.0729   -0.0503   0.0723
135.53   1.6393   0.000845   1009.72   729.65    0.096689   0.313911   68.7324    0.0942   0.9793    -0.0729   -0.0503   0.0723
136.03   1.6402   0.000845   1009.74   730.74    0.097045   0.314599   68.7321    0.0942   0.9793    -0.0729   -0.0503   0.0723
136.53   1.6412   0.000844   1009.77   731.82    0.097401   0.315288   68.7318    0.0942   0.9793    -0.0729   -0.0503   0.0723
137.03   1.6421   0.000844   1009.80   732.90    0.097757   0.315980   68.7315    0.0942   0.9793    -0.0729   -0.0503   0.0723
137.53   1.6430   0.000844   1009.82   733.96    0.098114   0.316672   68.7312    0.0942   0.9792    -0.0729   -0.0503   0.0723
138.03   1.6439   0.000843   1009.85   735.02    0.098470   0.317366   68.7309    0.0942   0.9792    -0.0729   -0.0503   0.0723
138.53   1.6448   0.000843   1009.88   736.07    0.098826   0.318062   68.7307    0.0942   0.9792    -0.0729   -0.0503   0.0723
139.03   1.6457   0.000842   1009.90   737.11    0.099182   0.318758   68.7304    0.0942   0.9791    -0.0729   -0.0503   0.0723
139.53   1.6466   0.000842   1009.93   738.15    0.099539   0.319456   68.7302    0.0942   0.9791    -0.0730   -0.0503   0.0723
140.03   1.6475   0.000841   1009.95   739.17    0.099895   0.320156   68.7299    0.0942   0.9791    -0.0730   -0.0503   0.0723
140.53   1.6484   0.000841   1009.98   740.19    0.100251   0.320856   68.7297    0.0942   0.9791    -0.0730   -0.0503   0.0723
141.03   1.6493   0.000841   1010.01   741.21    0.100607   0.321558   68.7295    0.0942   0.9790    -0.0730   -0.0503   0.0723
141.53   1.6502   0.000840   1010.03   742.21    0.100964   0.322261   68.7292    0.0942   0.9790    -0.0730   -0.0503   0.0723
142.03   1.6511   0.000840   1010.06   743.21    0.101320   0.322965   68.7290    0.0942   0.9790    -0.0730   -0.0503   0.0723
142.53   1.6520   0.000839   1010.09   744.20    0.101676   0.323670   68.7288    0.0942   0.9790    -0.0730   -0.0503   0.0723
143.03   1.6529   0.000839   1010.11   745.19    0.102032   0.324377   68.7286    0.0942   0.9789    -0.0730   -0.0503   0.0723
143.53   1.6538   0.000838   1010.14   746.16    0.102388   0.325084   68.7284    0.0942   0.9789    -0.0730   -0.0503   0.0723
144.03   1.6547   0.000838   1010.16   747.13    0.102744   0.325792   68.7282    0.0942   0.9789    -0.0730   -0.0503   0.0723
144.53   1.6556   0.000838   1010.19   748.10    0.103101   0.326502   68.7280    0.0942   0.9789    -0.0730   -0.0503   0.0723
145.03   1.6565   0.000837   1010.22   749.06    0.103457   0.327212   68.7279    0.0942   0.9789    -0.0730   -0.0503   0.0723
145.53   1.6573   0.000837   1010.24   750.01    0.103813   0.327923   68.7277    0.0942   0.9788    -0.0730   -0.0503   0.0723
146.03   1.6582   0.000836   1010.27   750.96    0.104169   0.328635   68.7275    0.0942   0.9788    -0.0730   -0.0503   0.0723
146.53   1.6591   0.000836   1010.29   751.90    0.104525   0.329348   68.7274    0.0942   0.9788    -0.0730   -0.0503   0.0723
147.03   1.6599   0.000836   1010.32   752.83    0.104881   0.330062   68.7272    0.0942   0.9788    -0.0730   -0.0503   0.0723
147.53   1.6608   0.000835   1010.35   753.76    0.105237   0.330777   68.7271    0.0942   0.9787    -0.0730   -0.0503   0.0723
148.03   1.6617   0.000835   1010.37   754.68    0.105593   0.331492   68.7269    0.0942   0.9787    -0.0730   -0.0503   0.0723
148.53   1.6625   0.000834   1010.40   755.60    0.105949   0.332208   68.7268    0.0942   0.9787    -0.0730   -0.0503   0.0723
149.03   1.6634   0.000834   1010.42   756.51    0.106306   0.332925   68.7266    0.0942   0.9787    -0.0730   -0.0503   0.0723
149.53   1.6643   0.000834   1010.45   757.42    0.106662   0.333643   68.7265    0.0942   0.9786    -0.0730   -0.0503   0.0723
150.03   1.6651   0.000833   1010.48   758.32    0.107018   0.334361   68.7264    0.0942   0.9786    -0.0730   -0.0503   0.0723
150.53   1.6660   0.000833   1010.50   759.21    0.107374   0.335080   68.7263    0.0942   0.9786    -0.0730   -0.0503   0.0723
151.03   1.6668   0.000833   1010.53   760.10    0.107730   0.335800   68.7262    0.0942   0.9786    -0.0730   -0.0503   0.0723
151.53   1.6677   0.000832   1010.55   760.98    0.108086   0.336521   68.7261    0.0942   0.9786    -0.0730   -0.0503   0.0723
152.03   1.6685   0.000832   1010.58   761.86    0.108442   0.337242   68.7260    0.0942   0.9785    -0.0730   -0.0503   0.0723
152.53   1.6694   0.000831   1010.60   762.74    0.108798   0.337964   68.7259    0.0942   0.9785    -0.0730   -0.0503   0.0723
153.03   1.6702   0.000831   1010.63   763.60    0.109154   0.338686   68.7258    0.0942   0.9785    -0.0730   -0.0503   0.0723
153.53   1.6711   0.000831   1010.66   764.47    0.109510   0.339409   68.7257    0.0942   0.9785    -0.0730   -0.0503   0.0723
154.03   1.6719   0.000830   1010.68   765.33    0.109866   0.340132   68.7256    0.0942   0.9785    -0.0730   -0.0503   0.0723
154.53   1.6727   0.000830   1010.71   766.18    0.110222   0.340856   68.7256    0.0942   0.9784    -0.0730   -0.0503   0.0723
155.03   1.6736   0.000830   1010.73   767.03    0.110578   0.341581   68.7255    0.0942   0.9784    -0.0730   -0.0503   0.0723
155.53   1.6744   0.000829   1010.76   767.87    0.110934   0.342306   68.7255    0.0942   0.9784    -0.0730   -0.0503   0.0723
156.03   1.6752   0.000829   1010.79   768.71    0.111290   0.343031   68.7254    0.0942   0.9784    -0.0730   -0.0503   0.0723
156.53   1.6761   0.000828   1010.81   769.55    0.111646   0.343757   68.7253    0.0942   0.9784    -0.0730   -0.0503   0.0723
157.03   1.6769   0.000828   1010.84   770.38    0.112002   0.344484   68.7253    0.0942   0.9783    -0.0730   -0.0503   0.0723
157.53   1.6777   0.000828   1010.86   771.20    0.112358   0.345211   68.7253    0.0942   0.9783    -0.0730   -0.0503   0.0723
158.03   1.6785   0.000827   1010.89   772.02    0.112714   0.345938   68.7252    0.0942   0.9783    -0.0730   -0.0503   0.0723
158.53   1.6794   0.000827   1010.91   772.84    0.113070   0.346666   68.7252    0.0942   0.9783    -0.0730   -0.0503   0.0723
159.03   1.6802   0.000827   1010.94   773.65    0.113426   0.347395   68.7252    0.0942   0.9783    -0.0730   -0.0503   0.0723
159.53   1.6810   0.000826   1010.96   774.46    0.113781   0.348123   68.7251    0.0942   0.9782    -0.0730   -0.0503   0.0723
160.03   1.6818   0.000826   1010.99   775.26    0.114137   0.348852   68.7251    0.0942   0.9782    -0.0730   -0.0503   0.0723
160.53   1.6826   0.000826   1011.02   776.06    0.114493   0.349582   68.7251    0.0942   0.9782    -0.0730   -0.0503   0.0723
161.03   1.6834   0.000825   1011.04   776.86    0.114849   0.350312   68.7251    0.0942   0.9782    -0.0730   -0.0503   0.0723
161.53   1.6842   0.000825   1011.07   777.65    0.115205   0.351042   68.7251    0.0942   0.9782    -0.0730   -0.0503   0.0723
162.03   1.6851   0.000824   1011.09   778.44    0.115561   0.351773   68.7251    0.0942   0.9781    -0.0730   -0.0503   0.0723
162.53   1.6859   0.000824   1011.12   779.22    0.115917   0.352504   68.7251    0.0942   0.9781    -0.0730   -0.0503   0.0723
163.03   1.6867   0.000824   1011.14   780.00    0.116273   0.353235   68.7251    0.0942   0.9781    -0.0730   -0.0503   0.0723
163.53   1.6875   0.000823   1011.17   780.77    0.116629   0.353966   68.7251    0.0942   0.9781    -0.0730   -0.0503   0.0723
164.03   1.6883   0.000823   1011.19   781.55    0.116984   0.354698   68.7252    0.0942   0.9781    -0.0730   -0.0503   0.0723
164.53   1.6891   0.000823   1011.22   782.31    0.117340   0.355431   68.7252    0.0942   0.9781    -0.0730   -0.0503   0.0723
165.03   1.6899   0.000822   1011.25   783.08    0.117696   0.356163   68.7252    0.0942   0.9780    -0.0730   -0.0503   0.0723
165.53   1.6907   0.000822   1011.27   783.84    0.118052   0.356896   68.7253    0.0942   0.9780    -0.0730   -0.0503   0.0723
166.03   1.6915   0.000822   1011.30   784.59    0.118408   0.357629   68.7253    0.0942   0.9780    -0.0730   -0.0503   0.0723
166.53   1.6922   0.000821   1011.32   785.35    0.118764   0.358362   68.7253    0.0942   0.9780    -0.0730   -0.0503   0.0723
167.03   1.6930   0.000821   1011.35   786.10    0.119119   0.359096   68.7254    0.0942   0.9780    -0.0730   -0.0503   0.0723
167.53   1.6938   0.000821   1011.37   786.84    0.119475   0.359830   68.7254    0.0942   0.9780    -0.0730   -0.0503   0.0723
168.03   1.6946   0.000820   1011.40   787.58    0.119831   0.360564   68.7255    0.0942   0.9779    -0.0730   -0.0503   0.0723
168.53   1.6954   0.000820   1011.42   788.32    0.120187   0.361298   68.7255    0.0942   0.9779    -0.0730   -0.0503   0.0723
169.03   1.6962   0.000820   1011.45   789.06    0.120542   0.362032   68.7256    0.0942   0.9779    -0.0730   -0.0503   0.0723
169.53   1.6970   0.000819   1011.47   789.79    0.120898   0.362767   68.7257    0.0942   0.9779    -0.0730   -0.0503   0.0723
170.03   1.6977   0.000819   1011.50   790.51    0.121254   0.363502   68.7258    0.0942   0.9779    -0.0730   -0.0503   0.0723
170.53   1.6985   0.000819   1011.52   791.24    0.121610   0.364237   68.7258    0.0942   0.9779    -0.0730   -0.0503   0.0723
171.03   1.6993   0.000818   1011.55   791.96    0.121965   0.364972   68.7259    0.0942   0.9778    -0.0730   -0.0503   0.0723
171.53   1.7001   0.000818   1011.57   792.68    0.122321   0.365708   68.7260    0.0942   0.9778    -0.0730   -0.0503   0.0723
172.03   1.7008   0.000818   1011.60   793.39    0.122677   0.366444   68.7261    0.0942   0.9778    -0.0730   -0.0503   0.0723
172.53   1.7016   0.000817   1011.63   794.11    0.123033   0.367179   68.7262    0.0942   0.9778    -0.0730   -0.0503   0.0723
173.03   1.7024   0.000817   1011.65   794.81    0.123388   0.367915   68.7263    0.0942   0.9778    -0.0730   -0.0503   0.0723
173.53   1.7032   0.000817   1011.68   795.52    0.123744   0.368652   68.7264    0.0942   0.9778    -0.0730   -0.0503   0.0723
174.03   1.7039   0.000816   1011.70   796.22    0.124100   0.369388   68.7265    0.0942   0.9777    -0.0730   -0.0503   0.0723
174.53   1.7047   0.000816   1011.73   796.92    0.124455   0.370124   68.7266    0.0942   0.9777    -0.0730   -0.0503   0.0723
175.03   1.7055   0.000816   1011.75   797.62    0.124811   0.370861   68.7267    0.0942   0.9777    -0.0730   -0.0503   0.0723
175.53   1.7062   0.000815   1011.78   798.31    0.125167   0.371598   68.7268    0.0942   0.9777    -0.0730   -0.0503   0.0723
176.03   1.7070   0.000815   1011.80   799.00    0.125522   0.372335   68.7269    0.0942   0.9777    -0.0730   -0.0503   0.0723
176.53   1.7077   0.000815   1011.83   799.68    0.125878   0.373072   68.7270    0.0942   0.9777    -0.0730   -0.0503   0.0724
177.03   1.7085   0.000814   1011.85   800.37    0.126234   0.373809   68.7272    0.0942   0.9776    -0.0730   -0.0503   0.0724
177.53   1.7093   0.000814   1011.88   801.05    0.126589   0.374546   68.7273    0.0942   0.9776    -0.0730   -0.0503   0.0724
178.03   1.7100   0.000814   1011.90   801.73    0.126945   0.375283   68.7274    0.0942   0.9776    -0.0730   -0.0503   0.0724
178.53   1.7108   0.000813   1011.93   802.40    0.127301   0.376021   68.7276    0.0942   0.9776    -0.0730   -0.0503   0.0724
179.03   1.7115   0.000813   1011.95   803.07    0.127656   0.376758   68.7277    0.0942   0.9776    -0.0730   -0.0503   0.0724
179.53   1.7123   0.000813   1011.98   803.74    0.128012   0.377496   68.7279    0.0942   0.9776    -0.0730   -0.0503   0.0724
180.03   1.7130   0.000812   1012.00   804.41    0.128367   0.378233   68.7280    0.0942   0.9776    -0.0730   -0.0503   0.0724
180.53   1.7138   0.000812   1012.03   805.07    0.128723   0.378971   68.7282    0.0942   0.9775    -0.0730   -0.0503   0.0724
181.03   1.7145   0.000812   1012.05   805.74    0.129079   0.379709   68.7283    0.0942   0.9775    -0.0730   -0.0503   0.0724
181.53   1.7153   0.000811   1012.08   806.39    0.129434   0.380447   68.7285    0.0942   0.9775    -0.0730   -0.0504   0.0724
182.03   1.7160   0.000811   1012.10   807.05    0.129790   0.381185   68.7286    0.0942   0.9775    -0.0730   -0.0504   0.0724
182.53   1.7167   0.000811   1012.13   807.70    0.130145   0.381923   68.7288    0.0942   0.9775    -0.0730   -0.0504   0.0724
183.03   1.7175   0.000811   1012.15   808.35    0.130501   0.382661   68.7290    0.0942   0.9775    -0.0730   -0.0504   0.0724
183.53   1.7182   0.000810   1012.18   809.00    0.130856   0.383399   68.7291    0.0942   0.9775    -0.0730   -0.0504   0.0724
184.03   1.7190   0.000810   1012.20   809.65    0.131212   0.384138   68.7293    0.0942   0.9774    -0.0730   -0.0504   0.0724
184.53   1.7197   0.000810   1012.23   810.29    0.131567   0.384876   68.7295    0.0942   0.9774    -0.0730   -0.0504   0.0724
185.03   1.7204   0.000809   1012.25   810.93    0.131923   0.385614   68.7297    0.0942   0.9774    -0.0730   -0.0504   0.0724
185.53   1.7212   0.000809   1012.28   811.57    0.132278   0.386353   68.7299    0.0942   0.9774    -0.0730   -0.0504   0.0724
186.03   1.7219   0.000809   1012.30   812.20    0.132634   0.387091   68.7300    0.0942   0.9774    -0.0730   -0.0504   0.0724
186.53   1.7226   0.000808   1012.33   812.83    0.132989   0.387829   68.7302    0.0942   0.9774    -0.0730   -0.0504   0.0724
187.03   1.7234   0.000808   1012.35   813.46    0.133345   0.388568   68.7304    0.0942   0.9774    -0.0730   -0.0504   0.0724
187.53   1.7241   0.000808   1012.38   814.09    0.133700   0.389306   68.7306    0.0942   0.9773    -0.0730   -0.0504   0.0724
188.03   1.7248   0.000807   1012.40   814.72    0.134056   0.390045   68.7308    0.0942   0.9773    -0.0730   -0.0504   0.0724
188.53   1.7255   0.000807   1012.43   815.34    0.134411   0.390783   68.7310    0.0942   0.9773    -0.0730   -0.0504   0.0724
189.03   1.7263   0.000807   1012.45   815.96    0.134767   0.391522   68.7312    0.0942   0.9773    -0.0730   -0.0504   0.0724
189.53   1.7270   0.000807   1012.48   816.58    0.135122   0.392260   68.7314    0.0942   0.9773    -0.0731   -0.0504   0.0724
190.03   1.7277   0.000806   1012.50   817.19    0.135478   0.392999   68.7317    0.0942   0.9773    -0.0731   -0.0504   0.0724
190.53   1.7284   0.000806   1012.53   817.81    0.135833   0.393738   68.7319    0.0942   0.9773    -0.0731   -0.0504   0.0724
191.03   1.7292   0.000806   1012.55   818.42    0.136189   0.394476   68.7321    0.0942   0.9772    -0.0731   -0.0504   0.0724
191.53   1.7299   0.000805   1012.57   819.03    0.136544   0.395215   68.7323    0.0942   0.9772    -0.0731   -0.0504   0.0724
192.03   1.7306   0.000805   1012.60   819.63    0.136899   0.395953   68.7325    0.0942   0.9772    -0.0731   -0.0504   0.0724
192.53   1.7313   0.000805   1012.62   820.24    0.137255   0.396692   68.7328    0.0942   0.9772    -0.0731   -0.0504   0.0724
193.03   1.7320   0.000805   1012.65   820.84    0.137610   0.397430   68.7330    0.0942   0.9772    -0.0731   -0.0504   0.0724
193.53   1.7327   0.000804   1012.67   821.44    0.137966   0.398169   68.7332    0.0942   0.9772    -0.0731   -0.0504   0.0724
194.03   1.7334   0.000804   1012.70   822.04    0.138321   0.398907   68.7335    0.0942   0.9772    -0.0731   -0.0504   0.0724
194.53   1.7342   0.000804   1012.72   822.63    0.138676   0.399646   68.7337    0.0942   0.9772    -0.0731   -0.0504   0.0724
195.03   1.7349   0.000803   1012.75   823.23    0.139032   0.400384   68.7340    0.0942   0.9771    -0.0731   -0.0504   0.0724
195.53   1.7356   0.000803   1012.77   823.82    0.139387   0.401123   68.7342    0.0942   0.9771    -0.0731   -0.0504   0.0724
196.03   1.7363   0.000803   1012.80   824.41    0.139742   0.401861   68.7345    0.0942   0.9771    -0.0731   -0.0504   0.0724
196.53   1.7370   0.000802   1012.82   824.99    0.140098   0.402600   68.7347    0.0942   0.9771    -0.0731   -0.0504   0.0724
197.03   1.7377   0.000802   1012.85   825.58    0.140453   0.403338   68.7350    0.0942   0.9771    -0.0731   -0.0504   0.0724
197.53   1.7384   0.000802   1012.87   826.16    0.140808   0.404076   68.7352    0.0942   0.9771    -0.0731   -0.0504   0.0724
198.03   1.7391   0.000802   1012.90   826.74    0.141164   0.404815   68.7355    0.0942   0.9771    -0.0731   -0.0504   0.0724
198.53   1.7398   0.000801   1012.92   827.32    0.141519   0.405553   68.7358    0.0942   0.9771    -0.0731   -0.0504   0.0724
199.03   1.7405   0.000801   1012.95   827.90    0.141874   0.406291   68.7360    0.0942   0.9770    -0.0731   -0.0504   0.0724
199.53   1.7412   0.000801   1012.97   828.47    0.142229   0.407029   68.7363    0.0942   0.9770    -0.0731   -0.0504   0.0724
200.03   1.7419   0.000800   1012.99   829.04    0.142585   0.407768   68.7366    0.0942   0.9770    -0.0731   -0.0504   0.0724
200.53   1.7426   0.000800   1013.02   829.62    0.142940   0.408506   68.7369    0.0942   0.9770    -0.0731   -0.0504   0.0724
201.03   1.7433   0.000800   1013.04   830.18    0.143295   0.409244   68.7371    0.0942   0.9770    -0.0731   -0.0504   0.0724
201.53   1.7440   0.000800   1013.07   830.75    0.143651   0.409982   68.7374    0.0942   0.9770    -0.0731   -0.0504   0.0724
202.03   1.7447   0.000799   1013.09   831.32    0.144006   0.410720   68.7377    0.0942   0.9770    -0.0731   -0.0504   0.0724
202.53   1.7454   0.000799   1013.12   831.88    0.144361   0.411458   68.7380    0.0942   0.9770    -0.0731   -0.0504   0.0724
203.03   1.7461   0.000799   1013.14   832.44    0.144716   0.412195   68.7383    0.0942   0.9769    -0.0731   -0.0504   0.0724
203.53   1.7467   0.000798   1013.17   833.00    0.145071   0.412933   68.7386    0.0942   0.9769    -0.0731   -0.0504   0.0724
204.03   1.7474   0.000798   1013.19   833.56    0.145427   0.413671   68.7389    0.0942   0.9769    -0.0731   -0.0504   0.0724
204.53   1.7481   0.000798   1013.22   834.11    0.145782   0.414409   68.7392    0.0942   0.9769    -0.0731   -0.0504   0.0724
205.03   1.7488   0.000798   1013.24   834.67    0.146137   0.415146   68.7395    0.0942   0.9769    -0.0731   -0.0504   0.0724
205.53   1.7495   0.000797   1013.26   835.22    0.146492   0.415884   68.7398    0.0942   0.9769    -0.0731   -0.0504   0.0724
206.03   1.7502   0.000797   1013.29   835.77    0.146847   0.416621   68.7401    0.0942   0.9769    -0.0731   -0.0504   0.0724
206.53   1.7509   0.000797   1013.31   836.32    0.147203   0.417359   68.7404    0.0942   0.9769    -0.0731   -0.0504   0.0724
207.03   1.7515   0.000797   1013.34   836.86    0.147558   0.418096   68.7407    0.0942   0.9769    -0.0731   -0.0504   0.0724
207.53   1.7522   0.000796   1013.36   837.41    0.147913   0.418833   68.7410    0.0942   0.9768    -0.0731   -0.0504   0.0724
208.03   1.7529   0.000796   1013.39   837.95    0.148268   0.419570   68.7413    0.0942   0.9768    -0.0731   -0.0504   0.0724
208.53   1.7536   0.000796   1013.41   838.49    0.148623   0.420308   68.7416    0.0942   0.9768    -0.0731   -0.0504   0.0724
209.03   1.7542   0.000795   1013.44   839.03    0.148978   0.421045   68.7420    0.0942   0.9768    -0.0731   -0.0504   0.0724
209.53   1.7549   0.000795   1013.46   839.57    0.149333   0.421782   68.7423    0.0942   0.9768    -0.0731   -0.0504   0.0724
210.03   1.7556   0.000795   1013.48   840.10    0.149689   0.422518   68.7426    0.0942   0.9768    -0.0731   -0.0504   0.0724
210.53   1.7563   0.000795   1013.51   840.64    0.150044   0.423255   68.7429    0.0942   0.9768    -0.0731   -0.0504   0.0724
211.03   1.7569   0.000794   1013.53   841.17    0.150399   0.423992   68.7433    0.0942   0.9768    -0.0731   -0.0504   0.0724
211.53   1.7576   0.000794   1013.56   841.70    0.150754   0.424729   68.7436    0.0942   0.9768    -0.0731   -0.0504   0.0724
212.03   1.7583   0.000794   1013.58   842.23    0.151109   0.425465   68.7439    0.0942   0.9767    -0.0731   -0.0504   0.0724
212.53   1.7590   0.000794   1013.61   842.76    0.151464   0.426202   68.7443    0.0942   0.9767    -0.0731   -0.0504   0.0724
213.03   1.7596   0.000793   1013.63   843.28    0.151819   0.426938   68.7446    0.0942   0.9767    -0.0731   -0.0504   0.0724
213.53   1.7603   0.000793   1013.65   843.81    0.152174   0.427674   68.7450    0.0942   0.9767    -0.0731   -0.0504   0.0724
214.03   1.7610   0.000793   1013.68   844.33    0.152529   0.428411   68.7453    0.0942   0.9767    -0.0731   -0.0504   0.0724
214.53   1.7616   0.000792   1013.70   844.85    0.152884   0.429147   68.7456    0.0942   0.9767    -0.0731   -0.0504   0.0724
215.03   1.7623   0.000792   1013.73   845.37    0.153239   0.429883   68.7460    0.0942   0.9767    -0.0731   -0.0504   0.0724
215.53   1.7630   0.000792   1013.75   845.89    0.153594   0.430619   68.7463    0.0942   0.9767    -0.0731   -0.0504   0.0724
216.03   1.7636   0.000792   1013.78   846.40    0.153949   0.431355   68.7467    0.0942   0.9767    -0.0731   -0.0504   0.0724
216.53   1.7643   0.000791   1013.80   846.92    0.154304   0.432090   68.7471    0.0942   0.9766    -0.0731   -0.0504   0.0724
217.03   1.7649   0.000791   1013.82   847.43    0.154659   0.432826   68.7474    0.0942   0.9766    -0.0731   -0.0504   0.0724
217.53   1.7656   0.000791   1013.85   847.94    0.155014   0.433562   68.7478    0.0942   0.9766    -0.0731   -0.0504   0.0724
218.03   1.7663   0.000791   1013.87   848.45    0.155369   0.434297   68.7481    0.0942   0.9766    -0.0731   -0.0504   0.0724
218.53   1.7669   0.000790   1013.90   848.96    0.155724   0.435032   68.7485    0.0942   0.9766    -0.0731   -0.0504   0.0724
219.03   1.7676   0.000790   1013.92   849.47    0.156079   0.435768   68.7489    0.0942   0.9766    -0.0731   -0.0504   0.0724
219.53   1.7682   0.000790   1013.95   849.97    0.156434   0.436503   68.7493    0.0942   0.9766    -0.0731   -0.0504   0.0724
220.03   1.7689   0.000790   1013.97   850.48    0.156789   0.437238   68.7496    0.0942   0.9766    -0.0731   -0.0504   0.0724
220.53   1.7695   0.000789   1013.99   850.98    0.157144   0.437973   68.7500    0.0942   0.9766    -0.0731   -0.0504   0.0724
221.03   1.7702   0.000789   1014.02   851.48    0.157499   0.438708   68.7504    0.0942   0.9765    -0.0731   -0.0504   0.0724
221.53   1.7708   0.000789   1014.04   851.98    0.157854   0.439443   68.7508    0.0942   0.9765    -0.0731   -0.0504   0.0724
222.03   1.7715   0.000788   1014.07   852.48    0.158209   0.440177   68.7511    0.0942   0.9765    -0.0731   -0.0504   0.0724
222.53   1.7721   0.000788   1014.09   852.97    0.158564   0.440912   68.7515    0.0942   0.9765    -0.0731   -0.0504   0.0724
223.03   1.7728   0.000788   1014.11   853.47    0.158919   0.441646   68.7519    0.0942   0.9765    -0.0731   -0.0504   0.0724
223.53   1.7734   0.000788   1014.14   853.96    0.159274   0.442381   68.7523    0.0942   0.9765    -0.0731   -0.0504   0.0724
224.03   1.7741   0.000787   1014.16   854.45    0.159628   0.443115   68.7527    0.0942   0.9765    -0.0731   -0.0504   0.0724
224.53   1.7747   0.000787   1014.19   854.94    0.159983   0.443849   68.7531    0.0942   0.9765    -0.0731   -0.0504   0.0724
225.03   1.7754   0.000787   1014.21   855.43    0.160338   0.444583   68.7535    0.0942   0.9765    -0.0731   -0.0504   0.0724
225.53   1.7760   0.000787   1014.23   855.92    0.160693   0.445317   68.7539    0.0942   0.9765    -0.0731   -0.0504   0.0724
226.03   1.7767   0.000786   1014.26   856.41    0.161048   0.446051   68.7543    0.0942   0.9765    -0.0731   -0.0504   0.0724
226.53   1.7773   0.000786   1014.28   856.89    0.161403   0.446784   68.7547    0.0942   0.9764    -0.0731   -0.0504   0.0724
227.03   1.7779   0.000786   1014.31   857.38    0.161758   0.447518   68.7551    0.0942   0.9764    -0.0731   -0.0504   0.0724
227.53   1.7786   0.000786   1014.33   857.86    0.162112   0.448251   68.7555    0.0942   0.9764    -0.0731   -0.0504   0.0724
228.03   1.7792   0.000785   1014.36   858.34    0.162467   0.448985   68.7559    0.0942   0.9764    -0.0731   -0.0504   0.0724
228.53   1.7799   0.000785   1014.38   858.82    0.162822   0.449718   68.7563    0.0942   0.9764    -0.0731   -0.0504   0.0724
229.03   1.7805   0.000785   1014.40   859.30    0.163177   0.450451   68.7567    0.0942   0.9764    -0.0731   -0.0504   0.0724
229.53   1.7811   0.000785   1014.43   859.78    0.163532   0.451184   68.7571    0.0942   0.9764    -0.0731   -0.0504   0.0724
230.03   1.7818   0.000784   1014.45   860.25    0.163886   0.451917   68.7576    0.0942   0.9764    -0.0731   -0.0504   0.0724
230.53   1.7824   0.000784   1014.48   860.73    0.164241   0.452650   68.7580    0.0942   0.9764    -0.0731   -0.0504   0.0724
231.03   1.7830   0.000784   1014.50   861.20    0.164596   0.453382   68.7584    0.0942   0.9764    -0.0731   -0.0504   0.0724
231.53   1.7837   0.000784   1014.52   861.67    0.164951   0.454115   68.7588    0.0942   0.9763    -0.0731   -0.0504   0.0724
232.03   1.7843   0.000783   1014.55   862.14    0.165305   0.454847   68.7593    0.0942   0.9763    -0.0731   -0.0504   0.0724
232.53   1.7849   0.000783   1014.57   862.61    0.165660   0.455579   68.7597    0.0942   0.9763    -0.0731   -0.0504   0.0724
233.03   1.7856   0.000783   1014.60   863.08    0.166015   0.456312   68.7601    0.0942   0.9763    -0.0731   -0.0504   0.0724
233.53   1.7862   0.000783   1014.62   863.54    0.166370   0.457044   68.7605    0.0942   0.9763    -0.0731   -0.0504   0.0724
234.03   1.7868   0.000782   1014.64   864.01    0.166724   0.457776   68.7610    0.0942   0.9763    -0.0731   -0.0504   0.0724
234.53   1.7874   0.000782   1014.67   864.47    0.167079   0.458507   68.7614    0.0942   0.9763    -0.0731   -0.0504   0.0724
235.03   1.7881   0.000782   1014.69   864.94    0.167434   0.459239   68.7618    0.0942   0.9763    -0.0731   -0.0504   0.0724
235.53   1.7887   0.000782   1014.71   865.40    0.167788   0.459971   68.7623    0.0942   0.9763    -0.0731   -0.0504   0.0724
236.03   1.7893   0.000781   1014.74   865.86    0.168143   0.460702   68.7627    0.0942   0.9763    -0.0731   -0.0504   0.0724
236.53   1.7899   0.000781   1014.76   866.32    0.168498   0.461433   68.7632    0.0942   0.9763    -0.0731   -0.0504   0.0724
237.03   1.7906   0.000781   1014.79   866.78    0.168852   0.462165   68.7636    0.0942   0.9762    -0.0731   -0.0504   0.0724
237.53   1.7912   0.000781   1014.81   867.23    0.169207   0.462896   68.7641    0.0942   0.9762    -0.0731   -0.0504   0.0724
238.03   1.7918   0.000780   1014.83   867.69    0.169562   0.463626   68.7645    0.0942   0.9762    -0.0731   -0.0504   0.0724
238.53   1.7924   0.000780   1014.86   868.14    0.169916   0.464357   68.7650    0.0942   0.9762    -0.0731   -0.0504   0.0724
239.03   1.7931   0.000780   1014.88   868.60    0.170271   0.465088   68.7654    0.0942   0.9762    -0.0731   -0.0504   0.0724
239.53   1.7937   0.000780   1014.91   869.05    0.170626   0.465819   68.7659    0.0942   0.9762    -0.0731   -0.0504   0.0724
240.03   1.7943   0.000779   1014.93   869.50    0.170980   0.466549   68.7663    0.0942   0.9762    -0.0731   -0.0504   0.0724
240.53   1.7949   0.000779   1014.95   869.95    0.171335   0.467279   68.7668    0.0942   0.9762    -0.0731   -0.0504   0.0724
241.03   1.7955   0.000779   1014.98   870.40    0.171690   0.468009   68.7672    0.0942   0.9762    -0.0731   -0.0504   0.0724
241.53   1.7961   0.000779   1015.00   870.84    0.172044   0.468739   68.7677    0.0942   0.9762    -0.0731   -0.0504   0.0724
242.03   1.7968   0.000778   1015.02   871.29    0.172399   0.469469   68.7682    0.0942   0.9762    -0.0731   -0.0504   0.0724
242.53   1.7974   0.000778   1015.05   871.73    0.172753   0.470199   68.7686    0.0942   0.9761    -0.0731   -0.0504   0.0724
243.03   1.7980   0.000778   1015.07   872.18    0.173108   0.470929   68.7691    0.0942   0.9761    -0.0731   -0.0504   0.0724
243.53   1.7986   0.000778   1015.10   872.62    0.173462   0.471658   68.7696    0.0942   0.9761    -0.0731   -0.0504   0.0724
244.03   1.7992   0.000778   1015.12   873.06    0.173817   0.472388   68.7700    0.0942   0.9761    -0.0731   -0.0505   0.0724
244.53   1.7998   0.000777   1015.14   873.50    0.174172   0.473117   68.7705    0.0942   0.9761    -0.0731   -0.0505   0.0724
245.03   1.8004   0.000777   1015.17   873.94    0.174526   0.473846   68.7710    0.0942   0.9761    -0.0731   -0.0505   0.0724
245.53   1.8010   0.000777   1015.19   874.38    0.174881   0.474575   68.7715    0.0942   0.9761    -0.0731   -0.0505   0.0724
246.03   1.8016   0.000777   1015.21   874.82    0.175235   0.475304   68.7719    0.0942   0.9761    -0.0731   -0.0505   0.0724
246.53   1.8022   0.000776   1015.24   875.25    0.175590   0.476033   68.7724    0.0942   0.9761    -0.0731   -0.0505   0.0724
247.03   1.8029   0.000776   1015.26   875.69    0.175944   0.476761   68.7729    0.0942   0.9761    -0.0731   -0.0505   0.0724
247.53   1.8035   0.000776   1015.29   876.12    0.176299   0.477490   68.7734    0.0942   0.9761    -0.0731   -0.0505   0.0724
248.03   1.8041   0.000776   1015.31   876.56    0.176653   0.478218   68.7739    0.0942   0.9761    -0.0731   -0.0505   0.0724
248.53   1.8047   0.000775   1015.33   876.99    0.177008   0.478946   68.7744    0.0942   0.9760    -0.0731   -0.0505   0.0724
249.03   1.8053   0.000775   1015.36   877.42    0.177362   0.479674   68.7749    0.0942   0.9760    -0.0731   -0.0505   0.0724
249.53   1.8059   0.000775   1015.38   877.85    0.177716   0.480402   68.7753    0.0942   0.9760    -0.0731   -0.0505   0.0724
250.03   1.8065   0.000775   1015.40   878.28    0.178071   0.481130   68.7758    0.0942   0.9760    -0.0731   -0.0505   0.0724
250.53   1.8071   0.000774   1015.43   878.70    0.178425   0.481858   68.7763    0.0942   0.9760    -0.0731   -0.0505   0.0724
251.03   1.8077   0.000774   1015.45   879.13    0.178780   0.482585   68.7768    0.0942   0.9760    -0.0731   -0.0505   0.0724
251.53   1.8083   0.000774   1015.47   879.56    0.179134   0.483313   68.7773    0.0942   0.9760    -0.0731   -0.0505   0.0724
252.03   1.8089   0.000774   1015.50   879.98    0.179489   0.484040   68.7778    0.0942   0.9760    -0.0731   -0.0505   0.0724
252.53   1.8095   0.000774   1015.52   880.40    0.179843   0.484767   68.7783    0.0942   0.9760    -0.0731   -0.0505   0.0724
253.03   1.8101   0.000773   1015.55   880.83    0.180197   0.485494   68.7788    0.0942   0.9760    -0.0732   -0.0505   0.0724
253.53   1.8107   0.000773   1015.57   881.25    0.180552   0.486221   68.7793    0.0942   0.9760    -0.0732   -0.0505   0.0724
254.03   1.8113   0.000773   1015.59   881.67    0.180906   0.486948   68.7798    0.0942   0.9760    -0.0732   -0.0505   0.0724
254.53   1.8119   0.000773   1015.62   882.09    0.181261   0.487674   68.7803    0.0942   0.9760    -0.0732   -0.0505   0.0724
255.03   1.8124   0.000772   1015.64   882.50    0.181615   0.488401   68.7809    0.0942   0.9759    -0.0732   -0.0505   0.0724
255.53   1.8130   0.000772   1015.66   882.92    0.181969   0.489127   68.7814    0.0942   0.9759    -0.0732   -0.0505   0.0724
256.03   1.8136   0.000772   1015.69   883.34    0.182324   0.489853   68.7819    0.0942   0.9759    -0.0732   -0.0505   0.0724
256.53   1.8142   0.000772   1015.71   883.75    0.182678   0.490579   68.7824    0.0942   0.9759    -0.0732   -0.0505   0.0724
257.03   1.8148   0.000771   1015.73   884.17    0.183032   0.491305   68.7829    0.0942   0.9759    -0.0732   -0.0505   0.0724
257.53   1.8154   0.000771   1015.76   884.58    0.183387   0.492031   68.7834    0.0942   0.9759    -0.0732   -0.0505   0.0724
258.03   1.8160   0.000771   1015.78   884.99    0.183741   0.492757   68.7839    0.0942   0.9759    -0.0732   -0.0505   0.0724
258.53   1.8166   0.000771   1015.80   885.41    0.184095   0.493482   68.7845    0.0942   0.9759    -0.0732   -0.0505   0.0724
259.03   1.8172   0.000771   1015.83   885.82    0.184450   0.494208   68.7850    0.0942   0.9759    -0.0732   -0.0505   0.0724
259.53   1.8178   0.000770   1015.85   886.23    0.184804   0.494933   68.7855    0.0942   0.9759    -0.0732   -0.0505   0.0724
260.03   1.8183   0.000770   1015.88   886.63    0.185158   0.495658   68.7860    0.0942   0.9759    -0.0732   -0.0505   0.0724
260.53   1.8189   0.000770   1015.90   887.04    0.185512   0.496383   68.7866    0.0942   0.9759    -0.0732   -0.0505   0.0724
261.03   1.8195   0.000770   1015.92   887.45    0.185867   0.497108   68.7871    0.0942   0.9759    -0.0732   -0.0505   0.0724
261.53   1.8201   0.000769   1015.95   887.85    0.186221   0.497832   68.7876    0.0942   0.9758    -0.0732   -0.0505   0.0724
262.03   1.8207   0.000769   1015.97   888.26    0.186575   0.498557   68.7882    0.0942   0.9758    -0.0732   -0.0505   0.0724
262.53   1.8213   0.000769   1015.99   888.66    0.186930   0.499281   68.7887    0.0942   0.9758    -0.0732   -0.0505   0.0724
263.03   1.8218   0.000769   1016.02   889.07    0.187284   0.500006   68.7892    0.0942   0.9758    -0.0732   -0.0505   0.0724
263.53   1.8224   0.000769   1016.04   889.47    0.187638   0.500730   68.7898    0.0942   0.9758    -0.0732   -0.0505   0.0724
264.03   1.8230   0.000768   1016.06   889.87    0.187992   0.501454   68.7903    0.0942   0.9758    -0.0732   -0.0505   0.0724
264.53   1.8236   0.000768   1016.09   890.27    0.188346   0.502178   68.7908    0.0942   0.9758    -0.0732   -0.0505   0.0724
265.03   1.8242   0.000768   1016.11   890.67    0.188701   0.502901   68.7914    0.0942   0.9758    -0.0732   -0.0505   0.0724
265.53   1.8247   0.000768   1016.13   891.07    0.189055   0.503625   68.7919    0.0942   0.9758    -0.0732   -0.0505   0.0724
266.03   1.8253   0.000767   1016.16   891.46    0.189409   0.504348   68.7925    0.0942   0.9758    -0.0732   -0.0505   0.0724
266.53   1.8259   0.000767   1016.18   891.86    0.189763   0.505072   68.7930    0.0942   0.9758    -0.0732   -0.0505   0.0724
267.03   1.8265   0.000767   1016.20   892.26    0.190117   0.505795   68.7936    0.0942   0.9758    -0.0732   -0.0505   0.0724
267.53   1.8271   0.000767   1016.23   892.65    0.190471   0.506518   68.7941    0.0942   0.9758    -0.0732   -0.0505   0.0724
268.03   1.8276   0.000767   1016.25   893.04    0.190826   0.507241   68.7947    0.0942   0.9758    -0.0732   -0.0505   0.0724
268.53   1.8282   0.000766   1016.27   893.44    0.191180   0.507963   68.7952    0.0942   0.9757    -0.0732   -0.0505   0.0724
269.03   1.8288   0.000766   1016.30   893.83    0.191534   0.508686   68.7958    0.0942   0.9757    -0.0732   -0.0505   0.0724
269.53   1.8293   0.000766   1016.32   894.22    0.191888   0.509408   68.7963    0.0942   0.9757    -0.0732   -0.0505   0.0724
270.03   1.8299   0.000766   1016.34   894.61    0.192242   0.510131   68.7969    0.0942   0.9757    -0.0732   -0.0505   0.0725
270.53   1.8305   0.000765   1016.37   895.00    0.192596   0.510853   68.7974    0.0942   0.9757    -0.0732   -0.0505   0.0725
271.03   1.8311   0.000765   1016.39   895.39    0.192950   0.511575   68.7980    0.0942   0.9757    -0.0732   -0.0505   0.0725
271.53   1.8316   0.000765   1016.41   895.78    0.193304   0.512297   68.7986    0.0942   0.9757    -0.0732   -0.0505   0.0725
272.03   1.8322   0.000765   1016.44   896.16    0.193658   0.513019   68.7991    0.0942   0.9757    -0.0732   -0.0505   0.0725
272.53   1.8328   0.000765   1016.46   896.55    0.194013   0.513740   68.7997    0.0942   0.9757    -0.0732   -0.0505   0.0725
273.03   1.8333   0.000764   1016.48   896.94    0.194367   0.514462   68.8003    0.0942   0.9757    -0.0732   -0.0505   0.0725
273.53   1.8339   0.000764   1016.51   897.32    0.194721   0.515183   68.8008    0.0942   0.9757    -0.0732   -0.0505   0.0725
274.03   1.8345   0.000764   1016.53   897.70    0.195075   0.515904   68.8014    0.0942   0.9757    -0.0732   -0.0505   0.0725
274.53   1.8350   0.000764   1016.55   898.09    0.195429   0.516625   68.8020    0.0942   0.9757    -0.0732   -0.0505   0.0725
275.03   1.8356   0.000763   1016.58   898.47    0.195783   0.517346   68.8025    0.0942   0.9757    -0.0732   -0.0505   0.0725
275.53   1.8362   0.000763   1016.60   898.85    0.196137   0.518067   68.8031    0.0942   0.9756    -0.0732   -0.0505   0.0725
276.03   1.8367   0.000763   1016.62   899.23    0.196491   0.518788   68.8037    0.0942   0.9756    -0.0732   -0.0505   0.0725
276.53   1.8373   0.000763   1016.65   899.61    0.196845   0.519508   68.8043    0.0942   0.9756    -0.0732   -0.0505   0.0725
277.03   1.8379   0.000763   1016.67   899.99    0.197199   0.520229   68.8048    0.0942   0.9756    -0.0732   -0.0505   0.0725
277.53   1.8384   0.000762   1016.69   900.37    0.197553   0.520949   68.8054    0.0942   0.9756    -0.0732   -0.0505   0.0725
278.03   1.8390   0.000762   1016.72   900.74    0.197907   0.521669   68.8060    0.0942   0.9756    -0.0732   -0.0505   0.0725
278.53   1.8395   0.000762   1016.74   901.12    0.198261   0.522389   68.8066    0.0942   0.9756    -0.0732   -0.0505   0.0725
279.03   1.8401   0.000762   1016.76   901.50    0.198615   0.523109   68.8072    0.0942   0.9756    -0.0732   -0.0505   0.0725
279.53   1.8407   0.000762   1016.79   901.87    0.198969   0.523828   68.8077    0.0942   0.9756    -0.0732   -0.0505   0.0725
280.03   1.8412   0.000761   1016.81   902.24    0.199323   0.524548   68.8083    0.0942   0.9756    -0.0732   -0.0505   0.0725
280.53   1.8418   0.000761   1016.83   902.62    0.199677   0.525267   68.8089    0.0942   0.9756    -0.0732   -0.0505   0.0725
281.03   1.8423   0.000761   1016.85   902.99    0.200030   0.525986   68.8095    0.0942   0.9756    -0.0732   -0.0505   0.0725
281.53   1.8429   0.000761   1016.88   903.36    0.200384   0.526706   68.8101    0.0942   0.9756    -0.0732   -0.0505   0.0725
282.03   1.8434   0.000760   1016.90   903.73    0.200738   0.527425   68.8107    0.0941   0.9756    -0.0732   -0.0505   0.0725
282.53   1.8440   0.000760   1016.92   904.10    0.201092   0.528143   68.8113    0.0941   0.9756    -0.0732   -0.0505   0.0725
283.03   1.8446   0.000760   1016.95   904.47    0.201446   0.528862   68.8119    0.0941   0.9755    -0.0732   -0.0505   0.0725
283.53   1.8451   0.000760   1016.97   904.84    0.201800   0.529581   68.8125    0.0941   0.9755    -0.0732   -0.0505   0.0725
284.03   1.8457   0.000760   1016.99   905.21    0.202154   0.530299   68.8131    0.0941   0.9755    -0.0732   -0.0505   0.0725
284.53   1.8462   0.000759   1017.02   905.58    0.202508   0.531017   68.8137    0.0941   0.9755    -0.0732   -0.0505   0.0725
285.03   1.8468   0.000759   1017.04   905.94    0.202862   0.531735   68.8143    0.0941   0.9755    -0.0732   -0.0505   0.0725
285.53   1.8473   0.000759   1017.06   906.31    0.203215   0.532453   68.8149    0.0941   0.9755    -0.0732   -0.0505   0.0725
286.03   1.8479   0.000759   1017.09   906.67    0.203569   0.533171   68.8155    0.0941   0.9755    -0.0732   -0.0505   0.0725
286.53   1.8484   0.000759   1017.11   907.04    0.203923   0.533889   68.8161    0.0941   0.9755    -0.0732   -0.0505   0.0725
287.03   1.8490   0.000758   1017.13   907.40    0.204277   0.534607   68.8167    0.0941   0.9755    -0.0732   -0.0505   0.0725
287.53   1.8495   0.000758   1017.16   907.76    0.204631   0.535324   68.8173    0.0941   0.9755    -0.0732   -0.0505   0.0725
288.03   1.8501   0.000758   1017.18   908.12    0.204985   0.536041   68.8179    0.0941   0.9755    -0.0732   -0.0505   0.0725
288.53   1.8506   0.000758   1017.20   908.49    0.205338   0.536758   68.8185    0.0941   0.9755    -0.0732   -0.0505   0.0725
289.03   1.8512   0.000758   1017.22   908.85    0.205692   0.537475   68.8191    0.0941   0.9755    -0.0732   -0.0505   0.0725
289.53   1.8517   0.000757   1017.25   909.21    0.206046   0.538192   68.8197    0.0941   0.9755    -0.0732   -0.0505   0.0725
290.03   1.8523   0.000757   1017.27   909.56    0.206400   0.538909   68.8203    0.0941   0.9755    -0.0732   -0.0505   0.0725
290.53   1.8528   0.000757   1017.29   909.92    0.206754   0.539626   68.8209    0.0941   0.9755    -0.0732   -0.0505   0.0725
291.03   1.8533   0.000757   1017.32   910.28    0.207107   0.540342   68.8216    0.0941   0.9754    -0.0732   -0.0505   0.0725
291.53   1.8539   0.000756   1017.34   910.64    0.207461   0.541058   68.8222    0.0941   0.9754    -0.0732   -0.0505   0.0725
292.03   1.8544   0.000756   1017.36   910.99    0.207815   0.541775   68.8228    0.0941   0.9754    -0.0732   -0.0505   0.0725
292.53   1.8550   0.000756   1017.39   911.35    0.208168   0.542491   68.8234    0.0941   0.9754    -0.0732   -0.0505   0.0725
293.03   1.8555   0.000756   1017.41   911.70    0.208522   0.543207   68.8240    0.0941   0.9754    -0.0732   -0.0505   0.0725
293.53   1.8561   0.000756   1017.43   912.06    0.208876   0.543922   68.8246    0.0941   0.9754    -0.0732   -0.0505   0.0725
294.03   1.8566   0.000755   1017.45   912.41    0.209230   0.544638   68.8253    0.0941   0.9754    -0.0732   -0.0505   0.0725
294.53   1.8571   0.000755   1017.48   912.76    0.209583   0.545353   68.8259    0.0941   0.9754    -0.0732   -0.0505   0.0725
295.03   1.8577   0.000755   1017.50   913.11    0.209937   0.546069   68.8265    0.0941   0.9754    -0.0732   -0.0505   0.0725
295.53   1.8582   0.000755   1017.52   913.47    0.210291   0.546784   68.8271    0.0941   0.9754    -0.0732   -0.0505   0.0725
296.03   1.8588   0.000755   1017.55   913.82    0.210644   0.547499   68.8278    0.0941   0.9754    -0.0732   -0.0505   0.0725
296.53   1.8593   0.000754   1017.57   914.17    0.210998   0.548214   68.8284    0.0941   0.9754    -0.0732   -0.0505   0.0725
297.03   1.8598   0.000754   1017.59   914.52    0.211352   0.548929   68.8290    0.0941   0.9754    -0.0732   -0.0505   0.0725
297.53   1.8604   0.000754   1017.62   914.86    0.211705   0.549643   68.8297    0.0941   0.9754    -0.0732   -0.0505   0.0725
298.03   1.8609   0.000754   1017.64   915.21    0.212059   0.550358   68.8303    0.0941   0.9754    -0.0732   -0.0505   0.0725
298.53   1.8614   0.000754   1017.66   915.56    0.212413   0.551072   68.8309    0.0941   0.9754    -0.0732   -0.0505   0.0725
299.03   1.8620   0.000753   1017.68   915.90    0.212766   0.551787   68.8316    0.0941   0.9754    -0.0732   -0.0505   0.0725
299.53   1.8625   0.000753   1017.71   916.25    0.213120   0.552501   68.8322    0.0941   0.9753    -0.0732   -0.0505   0.0725
300.03   1.8630   0.000753   1017.73   916.60    0.213473   0.553215   68.8328    0.0941   0.9753    -0.0732   -0.0505   0.0725
300.53   1.8636   0.000753   1017.75   916.94    0.213827   0.553929   68.8335    0.0941   0.9753    -0.0732   -0.0505   0.0725
301.03   1.8641   0.000753   1017.78   917.28    0.214181   0.554642   68.8341    0.0941   0.9753    -0.0732   -0.0505   0.0725
301.53   1.8646   0.000752   1017.80   917.63    0.214534   0.555356   68.8347    0.0941   0.9753    -0.0732   -0.0505   0.0725
302.03   1.8652   0.000752   1017.82   917.97    0.214888   0.556069   68.8354    0.0941   0.9753    -0.0732   -0.0505   0.0725
302.53   1.8657   0.000752   1017.84   918.31    0.215241   0.556782   68.8360    0.0941   0.9753    -0.0732   -0.0505   0.0725
303.03   1.8662   0.000752   1017.87   918.65    0.215595   0.557496   68.8367    0.0941   0.9753    -0.0732   -0.0505   0.0725
303.53   1.8668   0.000752   1017.89   918.99    0.215948   0.558209   68.8373    0.0941   0.9753    -0.0732   -0.0505   0.0725
304.03   1.8673   0.000751   1017.91   919.33    0.216302   0.558921   68.8380    0.0941   0.9753    -0.0732   -0.0505   0.0725
304.53   1.8678   0.000751   1017.94   919.67    0.216656   0.559634   68.8386    0.0941   0.9753    -0.0732   -0.0505   0.0725
305.03   1.8683   0.000751   1017.96   920.01    0.217009   0.560347   68.8393    0.0941   0.9753    -0.0732   -0.0505   0.0725
305.53   1.8689   0.000751   1017.98   920.35    0.217363   0.561059   68.8399    0.0941   0.9753    -0.0732   -0.0505   0.0725
306.03   1.8694   0.000751   1018.00   920.69    0.217716   0.561772   68.8406    0.0941   0.9753    -0.0732   -0.0505   0.0725
306.53   1.8699   0.000750   1018.03   921.02    0.218070   0.562484   68.8412    0.0941   0.9753    -0.0732   -0.0506   0.0725
307.03   1.8704   0.000750   1018.05   921.36    0.218423   0.563196   68.8419    0.0941   0.9753    -0.0732   -0.0506   0.0725
307.53   1.8710   0.000750   1018.07   921.69    0.218776   0.563908   68.8425    0.0941   0.9753    -0.0732   -0.0506   0.0725
308.03   1.8715   0.000750   1018.09   922.03    0.219130   0.564619   68.8432    0.0941   0.9752    -0.0732   -0.0506   0.0725
308.53   1.8720   0.000750   1018.12   922.36    0.219483   0.565331   68.8438    0.0941   0.9752    -0.0732   -0.0506   0.0725
309.03   1.8725   0.000749   1018.14   922.70    0.219837   0.566043   68.8445    0.0941   0.9752    -0.0732   -0.0506   0.0725
309.53   1.8731   0.000749   1018.16   923.03    0.220190   0.566754   68.8452    0.0941   0.9752    -0.0732   -0.0506   0.0725
310.03   1.8736   0.000749   1018.19   923.36    0.220544   0.567465   68.8458    0.0941   0.9752    -0.0732   -0.0506   0.0725
310.53   1.8741   0.000749   1018.21   923.69    0.220897   0.568176   68.8465    0.0941   0.9752    -0.0732   -0.0506   0.0725
311.03   1.8746   0.000749   1018.23   924.03    0.221251   0.568887   68.8471    0.0941   0.9752    -0.0732   -0.0506   0.0725
311.53   1.8752   0.000748   1018.25   924.36    0.221604   0.569598   68.8478    0.0941   0.9752    -0.0732   -0.0506   0.0725
312.03   1.8757   0.000748   1018.28   924.69    0.221957   0.570309   68.8485    0.0941   0.9752    -0.0732   -0.0506   0.0725
312.53   1.8762   0.000748   1018.30   925.02    0.222311   0.571019   68.8491    0.0941   0.9752    -0.0732   -0.0506   0.0725
313.03   1.8767   0.000748   1018.32   925.34    0.222664   0.571730   68.8498    0.0941   0.9752    -0.0732   -0.0506   0.0725
313.53   1.8772   0.000748   1018.34   925.67    0.223018   0.572440   68.8505    0.0941   0.9752    -0.0732   -0.0506   0.0725
314.03   1.8777   0.000747   1018.37   926.00    0.223371   0.573150   68.8511    0.0941   0.9752    -0.0732   -0.0506   0.0725
314.53   1.8783   0.000747   1018.39   926.33    0.223724   0.573860   68.8518    0.0941   0.9752    -0.0732   -0.0506   0.0725
315.03   1.8788   0.000747   1018.41   926.65    0.224078   0.574570   68.8525    0.0941   0.9752    -0.0732   -0.0506   0.0725
315.53   1.8793   0.000747   1018.44   926.98    0.224431   0.575280   68.8532    0.0941   0.9752    -0.0732   -0.0506   0.0725
316.03   1.8798   0.000747   1018.46   927.30    0.224784   0.575989   68.8538    0.0941   0.9752    -0.0732   -0.0506   0.0725
316.53   1.8803   0.000747   1018.48   927.63    0.225138   0.576699   68.8545    0.0941   0.9752    -0.0732   -0.0506   0.0725
317.03   1.8808   0.000746   1018.50   927.95    0.225491   0.577408   68.8552    0.0941   0.9752    -0.0732   -0.0506   0.0725
317.53   1.8814   0.000746   1018.53   928.28    0.225844   0.578117   68.8559    0.0941   0.9751    -0.0732   -0.0506   0.0725
318.03   1.8819   0.000746   1018.55   928.60    0.226197   0.578826   68.8565    0.0941   0.9751    -0.0732   -0.0506   0.0725
318.53   1.8824   0.000746   1018.57   928.92    0.226551   0.579535   68.8572    0.0941   0.9751    -0.0732   -0.0506   0.0725
319.03   1.8829   0.000746   1018.59   929.24    0.226904   0.580244   68.8579    0.0941   0.9751    -0.0732   -0.0506   0.0725
319.53   1.8834   0.000745   1018.62   929.56    0.227257   0.580953   68.8586    0.0941   0.9751    -0.0732   -0.0506   0.0725
320.03   1.8839   0.000745   1018.64   929.89    0.227611   0.581661   68.8593    0.0941   0.9751    -0.0732   -0.0506   0.0725
320.53   1.8844   0.000745   1018.66   930.21    0.227964   0.582370   68.8599    0.0941   0.9751    -0.0732   -0.0506   0.0725
321.03   1.8849   0.000745   1018.68   930.52    0.228317   0.583078   68.8606    0.0941   0.9751    -0.0732   -0.0506   0.0725
321.53   1.8854   0.000745   1018.71   930.84    0.228670   0.583786   68.8613    0.0941   0.9751    -0.0732   -0.0506   0.0725
322.03   1.8860   0.000744   1018.73   931.16    0.229024   0.584494   68.8620    0.0941   0.9751    -0.0732   -0.0506   0.0725
322.53   1.8865   0.000744   1018.75   931.48    0.229377   0.585202   68.8627    0.0941   0.9751    -0.0732   -0.0506   0.0725
323.03   1.8870   0.000744   1018.77   931.80    0.229730   0.585910   68.8634    0.0941   0.9751    -0.0732   -0.0506   0.0725
323.53   1.8875   0.000744   1018.80   932.11    0.230083   0.586617   68.8641    0.0941   0.9751    -0.0732   -0.0506   0.0725
324.03   1.8880   0.000744   1018.82   932.43    0.230436   0.587325   68.8647    0.0941   0.9751    -0.0732   -0.0506   0.0725
324.53   1.8885   0.000743   1018.84   932.75    0.230790   0.588032   68.8654    0.0941   0.9751    -0.0732   -0.0506   0.0725
325.03   1.8890   0.000743   1018.86   933.06    0.231143   0.588739   68.8661    0.0941   0.9751    -0.0732   -0.0506   0.0725
325.53   1.8895   0.000743   1018.89   933.37    0.231496   0.589446   68.8668    0.0941   0.9751    -0.0732   -0.0506   0.0725
326.03   1.8900   0.000743   1018.91   933.69    0.231849   0.590153   68.8675    0.0941   0.9751    -0.0732   -0.0506   0.0725
326.53   1.8905   0.000743   1018.93   934.00    0.232202   0.590860   68.8682    0.0941   0.9751    -0.0732   -0.0506   0.0725
327.03   1.8910   0.000743   1018.96   934.32    0.232555   0.591567   68.8689    0.0941   0.9751    -0.0732   -0.0506   0.0725
327.53   1.8915   0.000742   1018.98   934.63    0.232908   0.592273   68.8696    0.0941   0.9750    -0.0732   -0.0506   0.0725
328.03   1.8920   0.000742   1019.00   934.94    0.233262   0.592980   68.8703    0.0941   0.9750    -0.0732   -0.0506   0.0725
328.53   1.8925   0.000742   1019.02   935.25    0.233615   0.593686   68.8710    0.0941   0.9750    -0.0732   -0.0506   0.0725
329.03   1.8930   0.000742   1019.05   935.56    0.233968   0.594392   68.8717    0.0941   0.9750    -0.0732   -0.0506   0.0725
329.53   1.8935   0.000742   1019.07   935.87    0.234321   0.595098   68.8724    0.0941   0.9750    -0.0732   -0.0506   0.0725
330.03   1.8940   0.000741   1019.09   936.18    0.234674   0.595804   68.8731    0.0941   0.9750    -0.0732   -0.0506   0.0725
330.53   1.8945   0.000741   1019.11   936.49    0.235027   0.596510   68.8738    0.0941   0.9750    -0.0732   -0.0506   0.0725
331.03   1.8950   0.000741   1019.13   936.80    0.235380   0.597215   68.8745    0.0941   0.9750    -0.0732   -0.0506   0.0725
331.53   1.8955   0.000741   1019.16   937.11    0.235733   0.597921   68.8752    0.0941   0.9750    -0.0732   -0.0506   0.0725
332.03   1.8960   0.000741   1019.18   937.41    0.236086   0.598626   68.8759    0.0941   0.9750    -0.0732   -0.0506   0.0725
332.53   1.8965   0.000740   1019.20   937.72    0.236439   0.599331   68.8766    0.0941   0.9750    -0.0732   -0.0506   0.0725
333.03   1.8970   0.000740   1019.22   938.03    0.236792   0.600036   68.8773    0.0941   0.9750    -0.0733   -0.0506   0.0725
333.53   1.8975   0.000740   1019.25   938.33    0.237145   0.600741   68.8781    0.0941   0.9750    -0.0733   -0.0506   0.0725
334.03   1.8980   0.000740   1019.27   938.64    0.237498   0.601446   68.8788    0.0941   0.9750    -0.0733   -0.0506   0.0725
334.53   1.8985   0.000740   1019.29   938.94    0.237851   0.602151   68.8795    0.0941   0.9750    -0.0733   -0.0506   0.0725
335.03   1.8990   0.000740   1019.31   939.25    0.238204   0.602855   68.8802    0.0941   0.9750    -0.0733   -0.0506   0.0725
335.53   1.8995   0.000739   1019.34   939.55    0.238557   0.603560   68.8809    0.0941   0.9750    -0.0733   -0.0506   0.0725
336.03   1.9000   0.000739   1019.36   939.86    0.238910   0.604264   68.8816    0.0941   0.9750    -0.0733   -0.0506   0.0725
336.53   1.9005   0.000739   1019.38   940.16    0.239263   0.604968   68.8823    0.0941   0.9750    -0.0733   -0.0506   0.0725
337.03   1.9010   0.000739   1019.40   940.46    0.239616   0.605672   68.8830    0.0941   0.9750    -0.0733   -0.0506   0.0725
337.53   1.9015   0.000739   1019.43   940.76    0.239969   0.606376   68.8838    0.0941   0.9749    -0.0733   -0.0506   0.0725
338.03   1.9020   0.000738   1019.45   941.07    0.240322   0.607080   68.8845    0.0941   0.9749    -0.0733   -0.0506   0.0725
338.53   1.9025   0.000738   1019.47   941.37    0.240675   0.607784   68.8852    0.0941   0.9749    -0.0733   -0.0506   0.0725
339.03   1.9030   0.000738   1019.49   941.67    0.241028   0.608487   68.8859    0.0941   0.9749    -0.0733   -0.0506   0.0725
339.53   1.9034   0.000738   1019.52   941.97    0.241381   0.609191   68.8866    0.0941   0.9749    -0.0733   -0.0506   0.0725
340.03   1.9039   0.000738   1019.54   942.27    0.241734   0.609894   68.8874    0.0941   0.9749    -0.0733   -0.0506   0.0725
340.53   1.9044   0.000738   1019.56   942.57    0.242087   0.610597   68.8881    0.0941   0.9749    -0.0733   -0.0506   0.0725
341.03   1.9049   0.000737   1019.58   942.86    0.242440   0.611300   68.8888    0.0941   0.9749    -0.0733   -0.0506   0.0725
341.53   1.9054   0.000737   1019.61   943.16    0.242793   0.612003   68.8895    0.0941   0.9749    -0.0733   -0.0506   0.0725
342.03   1.9059   0.000737   1019.63   943.46    0.243146   0.612706   68.8903    0.0941   0.9749    -0.0733   -0.0506   0.0725
342.53   1.9064   0.000737   1019.65   943.76    0.243498   0.613408   68.8910    0.0941   0.9749    -0.0733   -0.0506   0.0725
343.03   1.9069   0.000737   1019.67   944.05    0.243851   0.614111   68.8917    0.0941   0.9749    -0.0733   -0.0506   0.0725
343.53   1.9074   0.000736   1019.69   944.35    0.244204   0.614813   68.8924    0.0941   0.9749    -0.0733   -0.0506   0.0725
344.03   1.9078   0.000736   1019.72   944.64    0.244557   0.615515   68.8932    0.0941   0.9749    -0.0733   -0.0506   0.0725
344.53   1.9083   0.000736   1019.74   944.94    0.244910   0.616217   68.8939    0.0941   0.9749    -0.0733   -0.0506   0.0725
345.03   1.9088   0.000736   1019.76   945.23    0.245263   0.616919   68.8946    0.0941   0.9749    -0.0733   -0.0506   0.0725
345.53   1.9093   0.000736   1019.78   945.53    0.245615   0.617621   68.8954    0.0941   0.9749    -0.0733   -0.0506   0.0725
346.03   1.9098   0.000736   1019.81   945.82    0.245968   0.618323   68.8961    0.0941   0.9749    -0.0733   -0.0506   0.0725
346.53   1.9103   0.000735   1019.83   946.12    0.246321   0.619025   68.8968    0.0941   0.9749    -0.0733   -0.0506   0.0725
347.03   1.9108   0.000735   1019.85   946.41    0.246674   0.619726   68.8976    0.0941   0.9749    -0.0733   -0.0506   0.0725
347.53   1.9112   0.000735   1019.87   946.70    0.247027   0.620427   68.8983    0.0941   0.9749    -0.0733   -0.0506   0.0725
348.03   1.9117   0.000735   1019.89   946.99    0.247379   0.621129   68.8990    0.0941   0.9749    -0.0733   -0.0506   0.0725
348.53   1.9122   0.000735   1019.92   947.28    0.247732   0.621830   68.8998    0.0941   0.9749    -0.0733   -0.0506   0.0725
349.03   1.9127   0.000734   1019.94   947.57    0.248085   0.622531   68.9005    0.0941   0.9748    -0.0733   -0.0506   0.0725
349.53   1.9132   0.000734   1019.96   947.86    0.248438   0.623232   68.9012    0.0941   0.9748    -0.0733   -0.0506   0.0725
350.03   1.9137   0.000734   1019.98   948.15    0.248791   0.623932   68.9020    0.0941   0.9748    -0.0733   -0.0506   0.0725
350.53   1.9141   0.000734   1020.01   948.44    0.249143   0.624633   68.9027    0.0941   0.9748    -0.0733   -0.0506   0.0725
351.03   1.9146   0.000734   1020.03   948.73    0.249496   0.625333   68.9035    0.0941   0.9748    -0.0733   -0.0506   0.0725
351.53   1.9151   0.000734   1020.05   949.02    0.249849   0.626034   68.9042    0.0941   0.9748    -0.0733   -0.0506   0.0725
352.03   1.9156   0.000733   1020.07   949.31    0.250201   0.626734   68.9050    0.0941   0.9748    -0.0733   -0.0506   0.0725
352.53   1.9161   0.000733   1020.09   949.60    0.250554   0.627434   68.9057    0.0941   0.9748    -0.0733   -0.0506   0.0725
353.03   1.9165   0.000733   1020.12   949.89    0.250907   0.628134   68.9064    0.0941   0.9748    -0.0733   -0.0506   0.0725
353.53   1.9170   0.000733   1020.14   950.17    0.251259   0.628834   68.9072    0.0941   0.9748    -0.0733   -0.0506   0.0725
354.03   1.9175   0.000733   1020.16   950.46    0.251612   0.629533   68.9079    0.0941   0.9748    -0.0733   -0.0506   0.0725
354.53   1.9180   0.000733   1020.18   950.74    0.251965   0.630233   68.9087    0.0941   0.9748    -0.0733   -0.0506   0.0725
355.03   1.9184   0.000732   1020.21   951.03    0.252317   0.630932   68.9094    0.0941   0.9748    -0.0733   -0.0506   0.0725
355.53   1.9189   0.000732   1020.23   951.31    0.252670   0.631632   68.9102    0.0941   0.9748    -0.0733   -0.0506   0.0725
356.03   1.9194   0.000732   1020.25   951.60    0.253023   0.632331   68.9109    0.0941   0.9748    -0.0733   -0.0506   0.0725
356.53   1.9199   0.000732   1020.27   951.88    0.253375   0.633030   68.9117    0.0941   0.9748    -0.0733   -0.0506   0.0725
357.03   1.9203   0.000732   1020.29   952.17    0.253728   0.633729   68.9124    0.0941   0.9748    -0.0733   -0.0506   0.0725
357.53   1.9208   0.000731   1020.32   952.45    0.254081   0.634428   68.9132    0.0941   0.9748    -0.0733   -0.0506   0.0725
358.03   1.9213   0.000731   1020.34   952.73    0.254433   0.635127   68.9139    0.0941   0.9748    -0.0733   -0.0506   0.0725
358.53   1.9218   0.000731   1020.36   953.02    0.254786   0.635825   68.9147    0.0941   0.9748    -0.0733   -0.0506   0.0725
359.03   1.9222   0.000731   1020.38   953.30    0.255138   0.636524   68.9155    0.0941   0.9748    -0.0733   -0.0506   0.0725
359.53   1.9227   0.000731   1020.40   953.58    0.255491   0.637222   68.9162    0.0941   0.9748    -0.0733   -0.0506   0.0725
360.03   1.9232   0.000731   1020.43   953.86    0.255844   0.637920   68.9170    0.0941   0.9748    -0.0733   -0.0506   0.0725
360.53   1.9237   0.000730   1020.45   954.14    0.256196   0.638618   68.9177    0.0941   0.9747    -0.0733   -0.0506   0.0725
361.03   1.9241   0.000730   1020.47   954.42    0.256549   0.639316   68.9185    0.0941   0.9747    -0.0733   -0.0506   0.0725
361.53   1.9246   0.000730   1020.49   954.70    0.256901   0.640014   68.9192    0.0941   0.9747    -0.0733   -0.0506   0.0725
362.03   1.9251   0.000730   1020.51   954.98    0.257254   0.640712   68.9200    0.0941   0.9747    -0.0733   -0.0506   0.0725
362.53   1.9255   0.000730   1020.54   955.26    0.257606   0.641409   68.9208    0.0941   0.9747    -0.0733   -0.0506   0.0725
363.03   1.9260   0.000730   1020.56   955.54    0.257959   0.642107   68.9215    0.0941   0.9747    -0.0733   -0.0506   0.0725
363.53   1.9265   0.000729   1020.58   955.82    0.258311   0.642804   68.9223    0.0941   0.9747    -0.0733   -0.0506   0.0725
364.03   1.9269   0.000729   1020.60   956.09    0.258664   0.643502   68.9230    0.0941   0.9747    -0.0733   -0.0506   0.0725
364.53   1.9274   0.000729   1020.62   956.37    0.259016   0.644199   68.9238    0.0941   0.9747    -0.0733   -0.0506   0.0725
365.03   1.9279   0.000729   1020.65   956.65    0.259369   0.644896   68.9246    0.0941   0.9747    -0.0733   -0.0506   0.0725
365.53   1.9283   0.000729   1020.67   956.92    0.259721   0.645592   68.9253    0.0941   0.9747    -0.0733   -0.0506   0.0725
366.03   1.9288   0.000729   1020.69   957.20    0.260074   0.646289   68.9261    0.0941   0.9747    -0.0733   -0.0506   0.0725
366.53   1.9293   0.000728   1020.71   957.48    0.260426   0.646986   68.9269    0.0941   0.9747    -0.0733   -0.0506   0.0725
367.03   1.9297   0.000728   1020.74   957.75    0.260779   0.647682   68.9276    0.0941   0.9747    -0.0733   -0.0506   0.0725
367.53   1.9302   0.000728   1020.76   958.03    0.261131   0.648379   68.9284    0.0941   0.9747    -0.0733   -0.0506   0.0725
368.03   1.9307   0.000728   1020.78   958.30    0.261484   0.649075   68.9292    0.0941   0.9747    -0.0733   -0.0506   0.0725
368.53   1.9311   0.000728   1020.80   958.57    0.261836   0.649771   68.9300    0.0941   0.9747    -0.0733   -0.0506   0.0725
369.03   1.9316   0.000728   1020.82   958.85    0.262188   0.650467   68.9307    0.0941   0.9747    -0.0733   -0.0506   0.0725
369.53   1.9321   0.000727   1020.84   959.12    0.262541   0.651163   68.9315    0.0941   0.9747    -0.0733   -0.0507   0.0725
370.03   1.9325   0.000727   1020.87   959.39    0.262893   0.651859   68.9323    0.0941   0.9747    -0.0733   -0.0507   0.0725
370.53   1.9330   0.000727   1020.89   959.67    0.263246   0.652554   68.9330    0.0941   0.9747    -0.0733   -0.0507   0.0725
371.03   1.9335   0.000727   1020.91   959.94    0.263598   0.653250   68.9338    0.0941   0.9747    -0.0733   -0.0507   0.0725
371.53   1.9339   0.000727   1020.93   960.21    0.263950   0.653945   68.9346    0.0940   0.9747    -0.0733   -0.0507   0.0725
372.03   1.9344   0.000726   1020.95   960.48    0.264303   0.654641   68.9354    0.0940   0.9747    -0.0733   -0.0507   0.0725
372.53   1.9348   0.000726   1020.98   960.75    0.264655   0.655336   68.9361    0.0940   0.9747    -0.0733   -0.0507   0.0725
373.03   1.9353   0.000726   1021.00   961.02    0.265007   0.656031   68.9369    0.0940   0.9746    -0.0733   -0.0507   0.0725
373.53   1.9358   0.000726   1021.02   961.29    0.265360   0.656726   68.9377    0.0940   0.9746    -0.0733   -0.0507   0.0725
374.03   1.9362   0.000726   1021.04   961.56    0.265712   0.657421   68.9385    0.0940   0.9746    -0.0733   -0.0507   0.0725
374.53   1.9367   0.000726   1021.06   961.83    0.266064   0.658115   68.9393    0.0940   0.9746    -0.0733   -0.0507   0.0725
375.03   1.9371   0.000725   1021.09   962.10    0.266417   0.658810   68.9400    0.0940   0.9746    -0.0733   -0.0507   0.0725
375.53   1.9376   0.000725   1021.11   962.37    0.266769   0.659504   68.9408    0.0940   0.9746    -0.0733   -0.0507   0.0725
376.03   1.9381   0.000725   1021.13   962.63    0.267121   0.660199   68.9416    0.0940   0.9746    -0.0733   -0.0507   0.0725
376.53   1.9385   0.000725   1021.15   962.90    0.267474   0.660893   68.9424    0.0940   0.9746    -0.0733   -0.0507   0.0725
377.03   1.9390   0.000725   1021.17   963.17    0.267826   0.661587   68.9432    0.0940   0.9746    -0.0733   -0.0507   0.0725
377.53   1.9394   0.000725   1021.20   963.44    0.268178   0.662281   68.9440    0.0940   0.9746    -0.0733   -0.0507   0.0725
378.03   1.9399   0.000724   1021.22   963.70    0.268530   0.662975   68.9447    0.0940   0.9746    -0.0733   -0.0507   0.0725
378.53   1.9403   0.000724   1021.24   963.97    0.268883   0.663669   68.9455    0.0940   0.9746    -0.0733   -0.0507   0.0725
379.03   1.9408   0.000724   1021.26   964.23    0.269235   0.664362   68.9463    0.0940   0.9746    -0.0733   -0.0507   0.0725
379.53   1.9412   0.000724   1021.28   964.50    0.269587   0.665056   68.9471    0.0940   0.9746    -0.0733   -0.0507   0.0725
380.03   1.9417   0.000724   1021.30   964.76    0.269939   0.665749   68.9479    0.0940   0.9746    -0.0733   -0.0507   0.0725
380.53   1.9422   0.000724   1021.33   965.03    0.270292   0.666442   68.9487    0.0940   0.9746    -0.0733   -0.0507   0.0725
381.03   1.9426   0.000723   1021.35   965.29    0.270644   0.667136   68.9495    0.0940   0.9746    -0.0733   -0.0507   0.0725
381.53   1.9431   0.000723   1021.37   965.56    0.270996   0.667829   68.9503    0.0940   0.9746    -0.0733   -0.0507   0.0725
382.03   1.9435   0.000723   1021.39   965.82    0.271348   0.668522   68.9511    0.0940   0.9746    -0.0733   -0.0507   0.0725
382.53   1.9440   0.000723   1021.41   966.08    0.271700   0.669214   68.9518    0.0940   0.9746    -0.0733   -0.0507   0.0725
383.03   1.9444   0.000723   1021.44   966.35    0.272053   0.669907   68.9526    0.0940   0.9746    -0.0733   -0.0507   0.0725
383.53   1.9449   0.000723   1021.46   966.61    0.272405   0.670600   68.9534    0.0940   0.9746    -0.0733   -0.0507   0.0725
384.03   1.9453   0.000722   1021.48   966.87    0.272757   0.671292   68.9542    0.0940   0.9746    -0.0733   -0.0507   0.0725
384.53   1.9458   0.000722   1021.50   967.13    0.273109   0.671984   68.9550    0.0940   0.9746    -0.0733   -0.0507   0.0725
385.03   1.9462   0.000722   1021.52   967.39    0.273461   0.672677   68.9558    0.0940   0.9746    -0.0733   -0.0507   0.0725
385.53   1.9467   0.000722   1021.54   967.65    0.273813   0.673369   68.9566    0.0940   0.9746    -0.0733   -0.0507   0.0725
386.03   1.9471   0.000722   1021.57   967.91    0.274165   0.674061   68.9574    0.0940   0.9746    -0.0733   -0.0507   0.0725
386.53   1.9476   0.000722   1021.59   968.17    0.274517   0.674753   68.9582    0.0940   0.9746    -0.0733   -0.0507   0.0725
387.03   1.9480   0.000721   1021.61   968.43    0.274870   0.675444   68.9590    0.0940   0.9745    -0.0733   -0.0507   0.0725
387.53   1.9485   0.000721   1021.63   968.69    0.275222   0.676136   68.9598    0.0940   0.9745    -0.0733   -0.0507   0.0725
388.03   1.9489   0.000721   1021.65   968.95    0.275574   0.676828   68.9606    0.0940   0.9745    -0.0733   -0.0507   0.0725
388.53   1.9494   0.000721   1021.68   969.21    0.275926   0.677519   68.9614    0.0940   0.9745    -0.0733   -0.0507   0.0725
389.03   1.9498   0.000721   1021.70   969.47    0.276278   0.678210   68.9622    0.0940   0.9745    -0.0733   -0.0507   0.0725
389.53   1.9503   0.000721   1021.72   969.73    0.276630   0.678901   68.9630    0.0940   0.9745    -0.0733   -0.0507   0.0725
390.03   1.9507   0.000721   1021.74   969.98    0.276982   0.679592   68.9638    0.0940   0.9745    -0.0733   -0.0507   0.0725
390.53   1.9512   0.000720   1021.76   970.24    0.277334   0.680283   68.9646    0.0940   0.9745    -0.0733   -0.0507   0.0725
391.03   1.9516   0.000720   1021.78   970.50    0.277686   0.680974   68.9654    0.0940   0.9745    -0.0733   -0.0507   0.0725
391.53   1.9521   0.000720   1021.81   970.75    0.278038   0.681665   68.9662    0.0940   0.9745    -0.0733   -0.0507   0.0725
392.03   1.9525   0.000720   1021.83   971.01    0.278390   0.682356   68.9670    0.0940   0.9745    -0.0733   -0.0507   0.0725
392.53   1.9529   0.000720   1021.85   971.27    0.278742   0.683046   68.9678    0.0940   0.9745    -0.0733   -0.0507   0.0725
393.03   1.9534   0.000720   1021.87   971.52    0.279094   0.683736   68.9686    0.0940   0.9745    -0.0733   -0.0507   0.0725
393.53   1.9538   0.000719   1021.89   971.78    0.279446   0.684427   68.9695    0.0940   0.9745    -0.0733   -0.0507   0.0725
394.03   1.9543   0.000719   1021.91   972.03    0.279798   0.685117   68.9703    0.0940   0.9745    -0.0733   -0.0507   0.0725
394.53   1.9547   0.000719   1021.94   972.28    0.280150   0.685807   68.9711    0.0940   0.9745    -0.0733   -0.0507   0.0725
395.03   1.9552   0.000719   1021.96   972.54    0.280502   0.686497   68.9719    0.0940   0.9745    -0.0733   -0.0507   0.0725
395.53   1.9556   0.000719   1021.98   972.79    0.280854   0.687187   68.9727    0.0940   0.9745    -0.0733   -0.0507   0.0725
396.03   1.9560   0.000719   1022.00   973.05    0.281206   0.687876   68.9735    0.0940   0.9745    -0.0733   -0.0507   0.0725
396.53   1.9565   0.000718   1022.02   973.30    0.281558   0.688566   68.9743    0.0940   0.9745    -0.0733   -0.0507   0.0725
397.03   1.9569   0.000718   1022.04   973.55    0.281910   0.689255   68.9751    0.0940   0.9745    -0.0733   -0.0507   0.0725
397.53   1.9574   0.000718   1022.07   973.80    0.282262   0.689945   68.9759    0.0940   0.9745    -0.0733   -0.0507   0.0725
398.03   1.9578   0.000718   1022.09   974.05    0.282614   0.690634   68.9768    0.0940   0.9745    -0.0733   -0.0507   0.0725
398.53   1.9582   0.000718   1022.11   974.31    0.282966   0.691323   68.9776    0.0940   0.9745    -0.0733   -0.0507   0.0725
399.03   1.9587   0.000718   1022.13   974.56    0.283318   0.692012   68.9784    0.0940   0.9745    -0.0733   -0.0507   0.0725
399.53   1.9591   0.000717   1022.15   974.81    0.283669   0.692701   68.9792    0.0940   0.9745    -0.0733   -0.0507   0.0725
400.03   1.9596   0.000717   1022.17   975.06    0.284021   0.693390   68.9800    0.0940   0.9745    -0.0733   -0.0507   0.0725
400.53   1.9600   0.000717   1022.20   975.31    0.284373   0.694078   68.9808    0.0940   0.9745    -0.0733   -0.0507   0.0725
401.03   1.9604   0.000717   1022.22   975.56    0.284725   0.694767   68.9816    0.0940   0.9745    -0.0733   -0.0507   0.0725
401.53   1.9609   0.000717   1022.24   975.81    0.285077   0.695455   68.9825    0.0940   0.9744    -0.0733   -0.0507   0.0725
402.03   1.9613   0.000717   1022.26   976.06    0.285429   0.696144   68.9833    0.0940   0.9744    -0.0733   -0.0507   0.0725
402.53   1.9617   0.000716   1022.28   976.31    0.285781   0.696832   68.9841    0.0940   0.9744    -0.0733   -0.0507   0.0726
403.03   1.9622   0.000716   1022.30   976.55    0.286132   0.697520   68.9849    0.0940   0.9744    -0.0733   -0.0507   0.0726
403.53   1.9626   0.000716   1022.32   976.80    0.286484   0.698208   68.9857    0.0940   0.9744    -0.0733   -0.0507   0.0726
404.03   1.9631   0.000716   1022.35   977.05    0.286836   0.698896   68.9866    0.0940   0.9744    -0.0733   -0.0507   0.0726
404.53   1.9635   0.000716   1022.37   977.30    0.287188   0.699584   68.9874    0.0940   0.9744    -0.0733   -0.0507   0.0726
405.03   1.9639   0.000716   1022.39   977.55    0.287540   0.700271   68.9882    0.0940   0.9744    -0.0733   -0.0507   0.0726
405.53   1.9644   0.000716   1022.41   977.79    0.287891   0.700959   68.9890    0.0940   0.9744    -0.0733   -0.0507   0.0726
406.03   1.9648   0.000715   1022.43   978.04    0.288243   0.701646   68.9899    0.0940   0.9744    -0.0733   -0.0507   0.0726
406.53   1.9652   0.000715   1022.45   978.28    0.288595   0.702334   68.9907    0.0940   0.9744    -0.0733   -0.0507   0.0726
407.03   1.9657   0.000715   1022.48   978.53    0.288947   0.703021   68.9915    0.0940   0.9744    -0.0733   -0.0507   0.0726
407.53   1.9661   0.000715   1022.50   978.78    0.289298   0.703708   68.9923    0.0940   0.9744    -0.0733   -0.0507   0.0726
408.03   1.9665   0.000715   1022.52   979.02    0.289650   0.704395   68.9932    0.0940   0.9744    -0.0733   -0.0507   0.0726
408.53   1.9670   0.000715   1022.54   979.27    0.290002   0.705082   68.9940    0.0940   0.9744    -0.0733   -0.0507   0.0726
409.03   1.9674   0.000714   1022.56   979.51    0.290354   0.705769   68.9948    0.0940   0.9744    -0.0733   -0.0507   0.0726
409.53   1.9678   0.000714   1022.58   979.75    0.290705   0.706455   68.9956    0.0940   0.9744    -0.0733   -0.0507   0.0726
410.03   1.9683   0.000714   1022.60   980.00    0.291057   0.707142   68.9965    0.0940   0.9744    -0.0733   -0.0507   0.0726
410.53   1.9687   0.000714   1022.63   980.24    0.291409   0.707828   68.9973    0.0940   0.9744    -0.0733   -0.0507   0.0726
411.03   1.9691   0.000714   1022.65   980.49    0.291760   0.708515   68.9981    0.0940   0.9744    -0.0733   -0.0507   0.0726
411.53   1.9695   0.000714   1022.67   980.73    0.292112   0.709201   68.9990    0.0940   0.9744    -0.0733   -0.0507   0.0726
412.03   1.9700   0.000713   1022.69   980.97    0.292464   0.709887   68.9998    0.0940   0.9744    -0.0733   -0.0507   0.0726
412.53   1.9704   0.000713   1022.71   981.21    0.292815   0.710573   69.0006    0.0940   0.9744    -0.0733   -0.0507   0.0726
413.03   1.9708   0.000713   1022.73   981.46    0.293167   0.711259   69.0015    0.0940   0.9744    -0.0733   -0.0507   0.0726
413.53   1.9713   0.000713   1022.76   981.70    0.293519   0.711945   69.0023    0.0940   0.9744    -0.0733   -0.0507   0.0726
414.03   1.9717   0.000713   1022.78   981.94    0.293870   0.712630   69.0031    0.0940   0.9744    -0.0733   -0.0507   0.0726
414.53   1.9721   0.000713   1022.80   982.18    0.294222   0.713316   69.0040    0.0940   0.9744    -0.0733   -0.0507   0.0726
415.03   1.9725   0.000713   1022.82   982.42    0.294574   0.714002   69.0048    0.0940   0.9744    -0.0733   -0.0507   0.0726
415.53   1.9730   0.000712   1022.84   982.66    0.294925   0.714687   69.0056    0.0940   0.9744    -0.0733   -0.0507   0.0726
416.03   1.9734   0.000712   1022.86   982.90    0.295277   0.715372   69.0065    0.0940   0.9744    -0.0733   -0.0507   0.0726
416.53   1.9738   0.000712   1022.88   983.14    0.295628   0.716057   69.0073    0.0940   0.9744    -0.0733   -0.0507   0.0726
417.03   1.9743   0.000712   1022.91   983.38    0.295980   0.716742   69.0082    0.0940   0.9743    -0.0733   -0.0507   0.0726
417.53   1.9747   0.000712   1022.93   983.62    0.296332   0.717427   69.0090    0.0940   0.9743    -0.0733   -0.0507   0.0726
418.03   1.9751   0.000712   1022.95   983.86    0.296683   0.718112   69.0098    0.0940   0.9743    -0.0733   -0.0507   0.0726
418.53   1.9755   0.000711   1022.97   984.10    0.297035   0.718797   69.0107    0.0940   0.9743    -0.0733   -0.0507   0.0726
419.03   1.9760   0.000711   1022.99   984.33    0.297386   0.719481   69.0115    0.0940   0.9743    -0.0733   -0.0507   0.0726
419.53   1.9764   0.000711   1023.01   984.57    0.297738   0.720166   69.0124    0.0940   0.9743    -0.0733   -0.0507   0.0726
420.03   1.9768   0.000711   1023.03   984.81    0.298089   0.720850   69.0132    0.0940   0.9743    -0.0733   -0.0507   0.0726
420.53   1.9772   0.000711   1023.05   985.05    0.298441   0.721535   69.0140    0.0940   0.9743    -0.0733   -0.0507   0.0726
421.03   1.9776   0.000711   1023.08   985.28    0.298792   0.722219   69.0149    0.0940   0.9743    -0.0733   -0.0507   0.0726
421.53   1.9781   0.000711   1023.10   985.52    0.299144   0.722903   69.0157    0.0940   0.9743    -0.0733   -0.0507   0.0726
422.03   1.9785   0.000710   1023.12   985.76    0.299495   0.723587   69.0166    0.0940   0.9743    -0.0733   -0.0507   0.0726
422.53   1.9789   0.000710   1023.14   985.99    0.299847   0.724271   69.0174    0.0940   0.9743    -0.0733   -0.0507   0.0726
423.03   1.9793   0.000710   1023.16   986.23    0.300198   0.724954   69.0183    0.0940   0.9743    -0.0733   -0.0507   0.0726
423.53   1.9798   0.000710   1023.18   986.46    0.300550   0.725638   69.0191    0.0940   0.9743    -0.0733   -0.0507   0.0726
424.03   1.9802   0.000710   1023.20   986.70    0.300901   0.726322   69.0200    0.0940   0.9743    -0.0733   -0.0507   0.0726
424.53   1.9806   0.000710   1023.23   986.93    0.301253   0.727005   69.0208    0.0940   0.9743    -0.0733   -0.0507   0.0726
425.03   1.9810   0.000709   1023.25   987.17    0.301604   0.727688   69.0216    0.0940   0.9743    -0.0733   -0.0507   0.0726
425.53   1.9814   0.000709   1023.27   987.40    0.301956   0.728372   69.0225    0.0940   0.9743    -0.0733   -0.0507   0.0726
426.03   1.9819   0.000709   1023.29   987.64    0.302307   0.729055   69.0233    0.0940   0.9743    -0.0733   -0.0507   0.0726
426.53   1.9823   0.000709   1023.31   987.87    0.302659   0.729738   69.0242    0.0940   0.9743    -0.0733   -0.0507   0.0726
427.03   1.9827   0.000709   1023.33   988.10    0.303010   0.730421   69.0250    0.0940   0.9743    -0.0733   -0.0507   0.0726
427.53   1.9831   0.000709   1023.35   988.34    0.303361   0.731103   69.0259    0.0940   0.9743    -0.0733   -0.0507   0.0726
428.03   1.9835   0.000709   1023.37   988.57    0.303713   0.731786   69.0267    0.0940   0.9743    -0.0733   -0.0507   0.0726
428.53   1.9840   0.000708   1023.40   988.80    0.304064   0.732469   69.0276    0.0940   0.9743    -0.0733   -0.0507   0.0726
429.03   1.9844   0.000708   1023.42   989.04    0.304416   0.733151   69.0284    0.0940   0.9743    -0.0733   -0.0507   0.0726
429.53   1.9848   0.000708   1023.44   989.27    0.304767   0.733834   69.0293    0.0940   0.9743    -0.0733   -0.0507   0.0726
430.03   1.9852   0.000708   1023.46   989.50    0.305118   0.734516   69.0302    0.0940   0.9743    -0.0733   -0.0507   0.0726
430.53   1.9856   0.000708   1023.48   989.73    0.305470   0.735198   69.0310    0.0940   0.9743    -0.0733   -0.0507   0.0726
431.03   1.9860   0.000708   1023.50   989.96    0.305821   0.735880   69.0319    0.0940   0.9743    -0.0733   -0.0507   0.0726
431.53   1.9864   0.000708   1023.52   990.19    0.306172   0.736562   69.0327    0.0940   0.9743    -0.0733   -0.0507   0.0726
432.03   1.9869   0.000707   1023.54   990.42    0.306524   0.737244   69.0336    0.0940   0.9743    -0.0733   -0.0507   0.0726
432.53   1.9873   0.000707   1023.57   990.65    0.306875   0.737926   69.0344    0.0940   0.9743    -0.0733   -0.0507   0.0726
433.03   1.9877   0.000707   1023.59   990.88    0.307226   0.738607   69.0353    0.0940   0.9743    -0.0733   -0.0507   0.0726
433.53   1.9881   0.000707   1023.61   991.11    0.307578   0.739289   69.0361    0.0940   0.9743    -0.0733   -0.0508   0.0726
434.03   1.9885   0.000707   1023.63   991.34    0.307929   0.739970   69.0370    0.0940   0.9742    -0.0734   -0.0508   0.0726
434.53   1.9889   0.000707   1023.65   991.57    0.308280   0.740652   69.0379    0.0940   0.9742    -0.0734   -0.0508   0.0726
435.03   1.9893   0.000706   1023.67   991.80    0.308631   0.741333   69.0387    0.0940   0.9742    -0.0734   -0.0508   0.0726
435.53   1.9898   0.000706   1023.69   992.03    0.308983   0.742014   69.0396    0.0940   0.9742    -0.0734   -0.0508   0.0726
436.03   1.9902   0.000706   1023.71   992.26    0.309334   0.742695   69.0404    0.0940   0.9742    -0.0734   -0.0508   0.0726
436.53   1.9906   0.000706   1023.74   992.48    0.309685   0.743376   69.0413    0.0940   0.9742    -0.0734   -0.0508   0.0726
437.03   1.9910   0.000706   1023.76   992.71    0.310036   0.744057   69.0422    0.0940   0.9742    -0.0734   -0.0508   0.0726
437.53   1.9914   0.000706   1023.78   992.94    0.310388   0.744737   69.0430    0.0940   0.9742    -0.0734   -0.0508   0.0726
438.03   1.9918   0.000706   1023.80   993.17    0.310739   0.745418   69.0439    0.0940   0.9742    -0.0734   -0.0508   0.0726
438.53   1.9922   0.000705   1023.82   993.39    0.311090   0.746099   69.0448    0.0940   0.9742    -0.0734   -0.0508   0.0726
439.03   1.9926   0.000705   1023.84   993.62    0.311441   0.746779   69.0456    0.0940   0.9742    -0.0734   -0.0508   0.0726
439.53   1.9931   0.000705   1023.86   993.85    0.311792   0.747459   69.0465    0.0940   0.9742    -0.0734   -0.0508   0.0726
440.03   1.9935   0.000705   1023.88   994.07    0.312144   0.748140   69.0473    0.0940   0.9742    -0.0734   -0.0508   0.0726
440.53   1.9939   0.000705   1023.91   994.30    0.312495   0.748820   69.0482    0.0940   0.9742    -0.0734   -0.0508   0.0726
441.03   1.9943   0.000705   1023.93   994.52    0.312846   0.749500   69.0491    0.0940   0.9742    -0.0734   -0.0508   0.0726
441.53   1.9947   0.000705   1023.95   994.75    0.313197   0.750180   69.0499    0.0940   0.9742    -0.0734   -0.0508   0.0726
442.03   1.9951   0.000704   1023.97   994.97    0.313548   0.750859   69.0508    0.0940   0.9742    -0.0734   -0.0508   0.0726
442.53   1.9955   0.000704   1023.99   995.20    0.313899   0.751539   69.0517    0.0940   0.9742    -0.0734   -0.0508   0.0726
443.03   1.9959   0.000704   1024.01   995.42    0.314251   0.752219   69.0525    0.0940   0.9742    -0.0734   -0.0508   0.0726
443.53   1.9963   0.000704   1024.03   995.65    0.314602   0.752898   69.0534    0.0940   0.9742    -0.0734   -0.0508   0.0726
444.03   1.9967   0.000704   1024.05   995.87    0.314953   0.753578   69.0543    0.0940   0.9742    -0.0734   -0.0508   0.0726
444.53   1.9971   0.000704   1024.07   996.09    0.315304   0.754257   69.0551    0.0940   0.9742    -0.0734   -0.0508   0.0726
445.03   1.9975   0.000704   1024.10   996.32    0.315655   0.754936   69.0560    0.0940   0.9742    -0.0734   -0.0508   0.0726
445.53   1.9979   0.000703   1024.12   996.54    0.316006   0.755615   69.0569    0.0940   0.9742    -0.0734   -0.0508   0.0726
446.03   1.9984   0.000703   1024.14   996.76    0.316357   0.756294   69.0578    0.0940   0.9742    -0.0734   -0.0508   0.0726
446.53   1.9988   0.000703   1024.16   996.99    0.316708   0.756973   69.0586    0.0940   0.9742    -0.0734   -0.0508   0.0726
447.03   1.9992   0.000703   1024.18   997.21    0.317059   0.757652   69.0595    0.0940   0.9742    -0.0734   -0.0508   0.0726
447.53   1.9996   0.000703   1024.20   997.43    0.317410   0.758331   69.0604    0.0940   0.9742    -0.0734   -0.0508   0.0726
448.03   2.0000   0.000703   1024.22   997.65    0.317761   0.759009   69.0612    0.0940   0.9742    -0.0734   -0.0508   0.0726
448.53   2.0004   0.000703   1024.24   997.87    0.318113   0.759688   69.0621    0.0940   0.9742    -0.0734   -0.0508   0.0726
449.03   2.0008   0.000702   1024.26   998.10    0.318464   0.760366   69.0630    0.0940   0.9742    -0.0734   -0.0508   0.0726
449.53   2.0012   0.000702   1024.29   998.32    0.318815   0.761044   69.0639    0.0940   0.9742    -0.0734   -0.0508   0.0726
